title,store,sells,price,Unnamed: 0
尼凯恩+en3,尼凯恩旗舰店,437710.0,69.0,0.0
纽曼+m560,创于佳讯数码专营店,413460.0,69.0,1.0
荣耀+8x,荣耀官方旗舰店,251777.0,999.0,2.0
apple+iphone8plus,苏宁易购官方旗舰店,234144.0,4388.0,3.0
apple+iphonexr,苏宁易购官方旗舰店,234032.0,4588.0,4.0
apple+iphone8,苏宁易购官方旗舰店,166090.0,3488.0,5.0
荣耀+10,荣耀官方旗舰店,150328.0,1099.0,6.0
华为+畅享9plus,华为官方旗舰店,142201.0,1299.0,7.0
纽曼+,纽曼深圳专卖店,134918.0,59.0,8.0
尼凯恩+,淘杰翔数码专营店,128633.0,59.0,9.0
天语+r7,天语强宇专卖店,124929.0,68.9,10.0
创星+s1,炜广天成数码专营店,116419.0,58.0,11.0
vivo+z5x,vivo官方旗舰店,109432.0,1198.0,12.0
纽曼+,慕尚年华数码专营店,96256.0,168.0,13.0
荣耀+v30,荣耀官方旗舰店,92563.0,2099.0,14.0
华为+畅享8,华为官方旗舰店,91292.0,499.0,15.0
荣耀+v20,荣耀官方旗舰店,90166.0,2399.0,16.0
华为+p30,华为官方旗舰店,84275.0,4488.0,17.0
oppo+k1,oppo官方旗舰店,81695.0,1299.0,18.0
vivo+iqoo,vivo官方旗舰店,78310.0,2098.0,19.0
华为+p30,华为官方旗舰店,77153.0,3388.0,20.0
华为+nova5pro,华为官方旗舰店,71967.0,2499.0,21.0
华为+mate20pro,华为官方旗舰店,66105.0,4599.0,22.0
荣耀+20i,荣耀官方旗舰店,65831.0,999.0,23.0
纽曼+,青柠时代数码专营店,59668.0,109.0,24.0
oppo+r17,oppo官方旗舰店,58186.0,1799.0,25.0
vivo+z5x,vivo官方旗舰店,49183.0,1398.0,26.0
红米+note8,小米官方旗舰店,42738.0,1199.0,27.0
荣耀+8x,荣耀官方旗舰店,41266.0,999.0,28.0
华为+畅享9,华为官方旗舰店,39466.0,599.0,29.0
红米+note8,小米官方旗舰店,39465.0,899.0,30.0
荣耀+8x,苏宁易购官方旗舰店,35417.0,999.0,31.0
华为+mate30pro,华为官方旗舰店,35357.0,6399.0,32.0
纽曼+,纯林伟业数码专营店,34478.0,78.0,33.0
荣耀+10,荣耀官方旗舰店,31477.0,1399.0,34.0
华为+畅享10plus,华为官方旗舰店,30692.0,1299.0,35.0
荣耀+8x,荣耀官方旗舰店,30421.0,999.0,36.0
荣耀+20pro,荣耀官方旗舰店,29639.0,2699.0,37.0
vivo+iqoo,vivo官方旗舰店,29370.0,2098.0,38.0
荣耀+v20,荣耀官方旗舰店,27812.0,1699.0,39.0
oppo+a5,oppo官方旗舰店,26180.0,699.0,40.0
荣耀+20,荣耀官方旗舰店,24213.0,599.0,41.0
纽曼+,深圳易乐购数码专营店,23215.0,78.0,42.0
华为+nova5,华为官方旗舰店,23172.0,1799.0,43.0
apple+iphone11,苏宁易购官方旗舰店,23067.0,5499.0,44.0
华为+mate30,华为官方旗舰店,22153.0,4999.0,45.0
华为+畅享9,龙通店,22004.0,488.0,46.0
荣耀+v20,荣耀官方旗舰店,21925.0,2399.0,47.0
红米+8a,小米官方旗舰店,21371.0,599.0,48.0
华为+nova5,华为官方旗舰店,21224.0,2099.0,49.0
华为+mate30pro,华为官方旗舰店,21177.0,5799.0,50.0
红米+7a,小米官方旗舰店,21017.0,539.0,51.0
vivo+z5x,vivo官方旗舰店,20602.0,1098.0,52.0
vivo+x27,vivo官方旗舰店,20414.0,2498.0,53.0
美图+t9,美图旗舰店,20123.0,999.0,54.0
魅族+16,魅族官方旗舰店,19084.0,1598.0,55.0
红米+k20pro,heatlinda,19066.0,1298.0,56.0
纽曼+,纽曼世腾专卖店,19016.0,118.0,57.0
华为+mate30,华为官方旗舰店,18336.0,3999.0,58.0
红米+note8,heatlinda,17416.0,925.0,59.0
魅族+16x,魅族官方旗舰店,17388.0,1098.0,60.0
荣耀+8x,三际数码官方旗舰店,17295.0,888.0,61.0
apple+iphone7plus,唯美气质淑女日韩馆,17272.0,1800.0,62.0
华为+nova5,华为官方旗舰店,17224.0,1599.0,63.0
红米+k20pro,小米官方旗舰店,17116.0,2799.0,64.0
apple+iphonexr,苏宁易购官方旗舰店,16778.0,4799.0,65.0
vivo+u1,vivo官方旗舰店,16563.0,799.0,66.0
oppo+k5,苏宁易购官方旗舰店,16315.0,1799.0,67.0
红米+7a,龙通店,16043.0,478.0,68.0
vivo+iqoo,苏宁易购官方旗舰店,16035.0,1298.0,69.0
魅族+16,魅族官方旗舰店,16034.0,1798.0,70.0
华为+mate30pro,小淘器数码专营店,15938.0,779.0,71.0
vivo+iqoo,vivo官方旗舰店,15922.0,3298.0,72.0
oppo+k5,oppo官方旗舰店,15502.0,1799.0,73.0
荣耀+8x,苏宁易购官方旗舰店,15378.0,899.0,74.0
小米+cc9,小米官方旗舰店,15220.0,1699.0,75.0
华为+畅享9,华为官方旗舰店,15210.0,999.0,76.0
oppo+r17,oppo官方旗舰店,15198.0,2499.0,77.0
魅族+note9,魅族官方旗舰店,14718.0,1049.0,78.0
荣耀+10,荣耀官方旗舰店,14505.0,899.0,79.0
oppo+r17,oppo官方旗舰店,14385.0,2999.0,80.0
vivo+iqoo,苏宁易购官方旗舰店,14322.0,2098.0,81.0
小米+小米9,heatlinda,14278.0,2088.0,82.0
vivo+x27,能良数码官方旗舰店,14193.0,1298.0,83.0
vivo+iqoo,vivo官方旗舰店,14132.0,2098.0,84.0
真我+x,realme官方旗舰店,13839.0,948.0,85.0
努比亚+红魔3,heatlinda,13766.0,1399.0,86.0
小米+cc9,小米官方旗舰店,13565.0,1099.0,87.0
荣耀+10,苏宁易购官方旗舰店,13532.0,1099.0,88.0
华为+nova5pro,深港通信专卖,13225.0,1475.04,89.0
真我+x,realme官方旗舰店,13086.0,1299.0,90.0
华为+p30,深港通信专卖,12697.0,2668.0,91.0
纽曼+,一号线数码专营店,12443.0,136.0,92.0
华为+p30,苏宁易购官方旗舰店,12366.0,3388.0,93.0
荣耀+10,荣耀官方旗舰店,12296.0,1799.0,94.0
vivo+iqoo,三际数码官方旗舰店,12196.0,1298.0,95.0
魅族+16,魅族官方旗舰店,11772.0,2399.0,96.0
红米+note8,品牌机批发店,11591.0,925.0,97.0
红米+k20pro,小米官方旗舰店,11455.0,2799.0,98.0
荣耀+20i,苏宁易购官方旗舰店,11086.0,799.0,99.0
荣耀+v20,荣耀官方旗舰店,11033.0,1699.0,100.0
红米+k20pro,品牌机批发店,10846.0,1287.99,101.0
红米+7,苏宁易购官方旗舰店,10813.0,699.0,102.0
apple+iphonexr,小唐1688,10439.0,3150.0,103.0
荣耀+8x,三际数码官方旗舰店,10417.0,858.0,104.0
荣耀+10,荣耀官方旗舰店,10403.0,1799.0,105.0
红米+k20,品牌机批发店,10312.0,799.0,106.0
三星+galaxys10+,三星官方旗舰店,10026.0,5599.0,107.0
华为+p30,苏宁易购官方旗舰店,9964.0,4488.0,108.0
华为+nova5pro,品牌机批发店,9840.0,1448.0,109.0
三星+galaxys10,三星官方旗舰店,9809.0,4999.0,110.0
vivo+z5x,首佳誉数码专营店,9579.0,1148.0,111.0
荣耀+20pro,龙通店,9511.0,857.99,112.0
vivo+iqoo,能良数码官方旗舰店,9484.0,3098.0,113.0
华为+nova5pro,白开水的点燃方式,9469.0,1488.0,114.0
华为+mate20,蓝港数码专营店,9278.0,1099.0,115.0
apple+iphone7plus,喜洋洋工作屋,9252.0,2160.0,116.0
荣耀+20,苏宁易购官方旗舰店,9210.0,2099.0,117.0
红米+7a,苏宁易购官方旗舰店,9208.0,479.0,118.0
红米+k20,小米官方旗舰店,9104.0,1699.0,119.0
oppo+a5,苏宁易购官方旗舰店,8972.0,699.0,121.0
荣耀+10,广东电信亿品汇专卖店,8972.0,1099.0,120.0
vivo+x27pro,能良数码官方旗舰店,8901.0,2498.0,122.0
飞利浦+e106,苏宁易购官方旗舰店,8858.0,79.0,123.0
华为+mate20,蓝港数码专营店,8801.0,779.0,124.0
华为+畅享9plus,苏宁易购官方旗舰店,8693.0,1199.0,125.0
华为+mate20,三际数码官方旗舰店,8642.0,828.0,126.0
红米+note8,龙通店,8517.0,925.0,127.0
vivo+s1,vivo官方旗舰店,8482.0,1598.0,128.0
apple+iphone11promax,佳欣共创科技,8465.0,4699.0,129.0
尼凯恩+en3,尼凯恩旗舰店,8425.0,98.0,130.0
vivo+z5x,vivo欧曙专卖店,8314.0,1298.0,131.0
小米+小米9,龙通店,8231.0,2088.0,132.0
apple+iphone8plus,苏宁易购官方旗舰店,8167.0,4449.0,133.5
红米+k20pro,三际数码官方旗舰店,8128.0,1039.0,135.0
红米+note7pro,龙通店,8009.0,799.0,136.0
红米+note7pro,苏宁易购官方旗舰店,7870.0,1199.0,137.0
华为+nova4,能良数码官方旗舰店,7854.0,899.0,138.0
华为+p30,京合旗舰店,7837.0,2499.0,139.0
apple+iphonexr,子轩_果果,7795.0,3580.0,140.0
小米+小米9,heatlinda,7696.0,2297.99,141.0
荣耀+8x,蓝港数码专营店,7629.0,878.0,142.0
一加+7pro,品牌机批发店,7597.0,2149.0,143.0
荣耀+8x,能良数码官方旗舰店,7575.0,1049.0,144.0
vivo+iqoo,苏宁易购官方旗舰店,7445.0,749.0,145.0
纽曼+,创于佳讯数码专营店,7292.0,168.0,146.0
华为+p30,蓝港数码专营店,7234.0,1599.0,147.0
vivo+iqoo,vivo官方旗舰店,7210.0,2898.0,148.0
华为+p30,赛西湖,7172.0,2677.73,149.0
纽曼+,好易用数码专营店,7155.0,63.0,150.0
纽曼+l8s,慕尚年华数码专营店,7152.0,119.0,151.0
荣耀+8x,苏宁易购官方旗舰店,7131.0,599.0,152.0
红米+note8,三际数码官方旗舰店,7101.0,969.0,153.0
华为+麦芒8,华为官方旗舰店,7039.0,1599.0,154.0
华为+nova5,华为官方旗舰店,6941.0,2599.0,155.0
华为+p30,同步飞扬数码专营店,6926.0,3388.0,156.0
vivo+x27,茂鹏数码专营店,6919.0,1298.0,157.0
小米+cc9,heatlinda,6861.0,918.0,158.0
红米+7,苏宁易购官方旗舰店,6777.0,1199.0,159.0
apple+iphone7plus,晨曦爱森林浴,6597.0,1650.0,160.0
荣耀+20i,苏宁易购官方旗舰店,6595.0,999.0,161.0
红米+k20,能良数码官方旗舰店,6573.0,2899.0,162.0
oppo+r17,oppo官方旗舰店,6549.0,2999.0,163.0
荣耀+v30,荣耀官方旗舰店,6517.0,2099.0,164.0
华为+mate30pro,国货平价网,6453.0,3284.71,165.0
纽曼+l8s,纽曼深圳专卖店,6441.0,119.0,166.0
荣耀+9x,龙通店,6424.0,498.0,167.0
华为+畅享10plus,国货平价网,6420.0,947.05,168.0
天语+r7,天语强宇专卖店,6402.0,98.0,169.0
apple+iphone11promax,周宏亮,6373.0,3787.0,170.0
oppo+r17,oppo官方旗舰店,6368.0,2199.0,171.0
魅族+16xs,魅族官方旗舰店,6361.0,1499.0,172.0
魅族+16,魅族官方旗舰店,6313.0,2689.0,173.0
荣耀+9x,白开水的点燃方式,6295.0,957.99,174.0
小米+cc9,小米官方旗舰店,6283.0,2599.0,175.0
华为+p30,同步飞扬数码专营店,6216.0,2499.0,176.0
荣耀+v20,三际数码官方旗舰店,6175.0,1099.0,177.0
荣耀+20pro,荣耀官方旗舰店,6152.0,2699.0,178.0
华为+p30,同步飞扬数码专营店,6124.0,3388.0,179.0
一加+7pro,一加创华威专卖店,6095.0,3499.0,180.0
华为+nova5pro,苏宁易购官方旗舰店,6083.0,2499.0,181.0
荣耀+20,荣耀官方旗舰店,5969.0,1099.0,182.0
小米+小米8,一朵花的记忆,5900.0,729.0,183.0
vivo+x27,vivo天诚专卖店,5857.0,1298.0,184.0
三星+galaxynote10,三星官方旗舰店,5837.0,7999.0,185.0
荣耀+v30,深圳一航,5829.0,1699.0,186.0
荣耀+8x,京合旗舰店,5803.0,899.0,187.0
荣耀+20i,三际数码官方旗舰店,5778.0,999.0,188.0
红米+7,苏宁易购官方旗舰店,5730.0,899.0,189.0
apple+iphone8plus,zhongweixin8250,5627.0,2200.0,190.0
华为+nova5,同迅数码专营店,5588.0,899.0,191.0
vivo+iqoo,苏宁易购官方旗舰店,5528.0,1898.0,192.0
华为+畅享9,三际数码官方旗舰店,5450.0,818.0,193.0
尼凯恩+,尼凯恩旗舰店,5400.0,69.0,194.0
oppo+a9,佳惠兴通数码专营店,5375.0,699.0,195.0
apple+iphonexr,liubingtuan,5358.0,2780.0,196.0
红米+k20pro,三际数码官方旗舰店,5325.0,2499.0,197.0
美图+t9,美图旗舰店,5285.0,1299.0,198.0
vivo+u1,vivo欧曙专卖店,5278.0,749.0,199.0
纽曼+,慕尚年华数码专营店,5263.0,178.0,200.0
oppo+r17pro,oppo官方旗舰店,5253.0,3699.0,201.0
小米+小米9,广东电信亿品汇专卖店,5241.0,2399.0,202.0
一加+7pro,69铺小a,5240.0,2149.0,203.0
华为+nova5pro,国货平价网,5237.0,1496.5,205.0
vivo+z5x,苏宁易购官方旗舰店,5237.0,1398.0,204.0
vivo+x27,vivo曼尼金专卖店,5188.0,1298.0,206.0
华为+p30,三际数码官方旗舰店,5186.0,3999.0,207.0
荣耀+v30,荣耀官方旗舰店,5176.0,999.0,208.0
魅族+16,三际数码官方旗舰店,5174.0,638.0,209.0
apple+iphone11,中国移动手机官方旗舰店,5169.0,5149.0,210.0
apple+iphonexsmax,k4058126963,5160.0,3069.0,211.0
华为+nova5pro,国货平价网,5113.0,1446.55,212.0
vivo+x27,vivo官方旗舰店,4975.0,1698.0,213.0
荣耀+20i,广东电信亿品汇专卖店,4962.0,999.0,214.0
apple+iphone11,洋桃旗舰店,4958.0,4549.0,215.0
华为+p30,三际数码官方旗舰店,4921.0,2699.0,216.0
apple+iphone11promax,苏宁易购官方旗舰店,4862.0,9599.0,217.0
真我+x,苏宁易购官方旗舰店,4816.0,1299.0,218.0
华为+p30,国货平价网,4816.0,2665.33,219.0
荣耀+8x,蓝港数码专营店,4780.0,899.0,220.0
荣耀+20,卓瓦数码专营店,4759.0,1099.0,221.0
apple+iphone8,苏宁易购官方旗舰店,4742.0,3499.0,222.0
荣耀+v20,蓝港数码专营店,4725.0,999.0,223.0
apple+iphone8plus,喜洋洋工作屋,4718.0,2600.0,224.0
vivo+z5x,vivo官方旗舰店,4629.0,1198.0,225.0
荣耀+8x,京合旗舰店,4623.0,1099.0,226.0
oppo+reno,苏宁易购官方旗舰店,4580.0,2999.0,227.0
华为+p30,heatlinda,4541.0,1488.0,228.0
apple+iphonexsmax,彩虹色的蜻蜓,4538.0,3514.5,229.0
纽曼+,东旭启信数码专营店,4530.0,88.0,230.0
红米+7a,给力不坑爹,4492.0,468.0,231.0
三星+galaxys10+,小萝卜通讯,4483.0,2458.0,232.0
apple+iphone11,苏宁易购官方旗舰店,4446.0,8699.0,233.0
apple+iphonexr,中国移动手机官方旗舰店,4443.0,4299.0,234.0
apple+iphone11,中国移动手机官方旗舰店,4428.0,5149.0,235.0
荣耀+v30,荣耀官方旗舰店,4408.0,3299.0,236.0
荣耀+v20,三际数码官方旗舰店,4400.0,1749.0,237.0
美图+t9,美图万能小主专卖店,4389.0,999.0,238.0
vivo+z5x,首佳誉数码专营店,4380.0,1098.0,239.0
小米+cc9,一朵花的记忆,4370.0,918.0,240.0
红米+7a,苏宁易购官方旗舰店,4349.0,599.0,241.0
荣耀+v30,heatlinda,4303.0,898.0,242.0
apple+iphone7plus,中国移动官方旗舰店,4290.0,2859.0,243.0
荣耀+20,荣耀官方旗舰店,4250.0,599.0,244.0
apple+iphone7plus,天南通讯,4249.0,1800.0,245.0
华为+nova4,苏宁易购官方旗舰店,4215.0,1149.0,246.0
荣耀+v20,heatlinda,4194.0,1668.0,247.0
荣耀+10,苏宁易购官方旗舰店,4178.0,1699.0,248.0
vivo+iqoo,vivo天诚专卖店,4158.0,2098.0,249.0
荣耀+20,蓝港数码专营店,4156.0,1999.0,250.0
华为+p30,京联通达数码旗舰店,4139.0,2499.0,251.0
vivo+iqoo,vivo官方旗舰店,4130.0,2098.0,252.0
尼凯恩+,尼凯恩旗舰店,4102.0,79.0,253.0
荣耀+8x,能良数码官方旗舰店,4095.0,868.0,254.0
华为+p30,三际数码官方旗舰店,4076.0,4488.0,255.0
apple+iphonexsmax,优质宝贝,4045.0,3150.0,256.0
华为+p30,国货平价网,4025.0,1956.04,257.0
vivo+u1,苏宁易购官方旗舰店,3995.0,799.0,258.0
荣耀+v30,广东电信亿品汇专卖店,3929.0,899.0,259.5
荣耀+10,蓝港数码专营店,3900.0,1099.0,261.0
荣耀+v20,三际数码官方旗舰店,3872.0,2199.0,262.0
红米+note8,广东电信亿品汇专卖店,3850.0,1029.0,263.0
华为+p30,京成数码商贸,3824.0,2838.0,264.0
荣耀+v20,深圳一航,3789.0,1998.0,265.0
apple+iphone8plus,songhaozhen,3775.0,2110.0,266.0
小米+cc9,龙通店,3747.0,918.0,267.0
apple+iphonexr,数码科技1628_1628,3707.0,2370.53,268.0
华为+畅享9plus,龙通店,3706.0,697.99,269.0
纽曼+,德隆兴盛数码专营店,3679.0,58.0,270.0
红米+k20pro,佳欣共创科技,3657.0,1788.0,271.0
小米+cc9,heatlinda,3634.0,2438.0,272.0
apple+iphone11promax,icmay2012,3622.0,3498.99,273.0
vivo+z3,vivo智轩优品专卖店,3621.0,1098.0,274.0
oppo+k5,苏宁易购官方旗舰店,3611.0,1799.0,275.0
黑鲨+,wezebaba,3608.0,749.0,276.0
荣耀+v20,梅州铭鑫通讯,3581.0,1208.0,277.0
纽曼+,炜广天成数码专营店,3574.0,78.0,278.0
红米+note8,小米官方旗舰店,3508.0,1199.0,279.0
荣耀+v20,深圳一航,3503.0,1278.0,280.5
oppo+r17,苏宁易购官方旗舰店,3487.0,2499.0,282.0
纽曼+m560,纽曼深圳专卖店,3482.0,99.0,283.0
华为+p30,蓝港数码专营店,3475.0,2599.0,284.0
魅族+16,魅族官方旗舰店,3460.0,1999.0,285.0
apple+iphonexsmax,zhuxiaoming1113,3420.0,3650.0,286.0
华为+p30,三际数码官方旗舰店,3416.0,2499.0,287.0
vivo+iqoo,三际数码官方旗舰店,3402.0,1398.0,288.0
小米+小米8,品牌机批发店,3343.0,1698.0,289.0
华为+畅享9plus,博海宇通数码专营店,3334.0,749.0,290.0
魅族+16xs,绝对诚信qq464547963,3332.0,1488.0,291.0
华为+p30,博海宇通数码专营店,3324.0,799.0,292.0
荣耀+8x,创汇通达数码旗舰店,3315.0,1099.0,293.0
纽曼+,纽曼易为理想专卖店,3311.0,68.0,294.0
华为+畅享9,苏宁易购官方旗舰店,3309.0,699.0,295.0
vivo+x27,vivo官方旗舰店,3301.0,999.0,296.0
真我+x,苏宁易购官方旗舰店,3270.0,899.0,297.0
红米+note8,三际数码官方旗舰店,3248.0,1059.0,298.0
vivo+z5x,vivo官方旗舰店,3232.0,1198.0,299.0
荣耀+v20,能良数码官方旗舰店,3212.0,999.0,300.0
华为+p30,深港通信专卖,3202.0,1988.0,301.0
华为+畅享9plus,久汇数码专营店,3190.0,738.0,302.0
华为+nova5,能良数码官方旗舰店,3184.0,749.0,303.0
vivo+x27pro,vivo衡视专卖店,3160.0,2498.0,304.0
华为+mate30,小淘器数码专营店,3146.0,1799.0,305.0
红米+note8,一朵花的记忆,3132.0,798.0,307.0
荣耀+v20,卓瓦数码专营店,3132.0,999.0,306.0
荣耀+v30,荣耀官方旗舰店,3126.0,4199.0,308.0
三星+galaxya70,三星官方旗舰店,3118.0,2099.0,309.0
红米+note7pro,三际数码官方旗舰店,3116.0,1099.0,310.0
红米+note8,三际数码官方旗舰店,3115.0,479.0,311.0
oppo+findx,oppo欧曙专卖店,3100.0,699.0,312.0
华为+p30,三际数码官方旗舰店,3088.0,3388.0,313.0
华为+mate30pro,品牌机批发店,3075.0,3238.0,314.0
荣耀+v20,蓝港数码专营店,3067.0,2199.0,315.5
荣耀+9x,chenghong301314,3061.0,969.0,317.0
华为+畅享9plus,创汇通达数码旗舰店,3061.0,798.0,318.0
oppo+r17,oppo金谷专卖店,3059.0,699.0,319.0
apple+iphone8plus,中国移动官方旗舰店,3029.0,2699.0,320.0
apple+iphone11,苏宁易购官方旗舰店,3025.0,5499.0,321.0
华为+mate30pro,赛西湖,2990.0,3284.71,322.0
小米+小米9,龙通店,2977.0,3368.0,323.0
荣耀+v20,能良数码官方旗舰店,2972.0,1099.0,324.0
魅族+16,绝对诚信qq464547963,2970.0,2699.0,325.0
oppo+findx,oppo熊鑫专卖店,2963.0,1999.0,326.0
红米+note8,能良数码官方旗舰店,2962.0,1059.0,328.0
vivo+x27pro,茂鹏数码专营店,2962.0,2498.0,327.0
oppo+a9,智宏新创数码专营店,2946.0,699.0,330.0
真我+x,realme官方旗舰店,2946.0,2599.0,329.0
荣耀+20,绝对诚信qq464547963,2945.0,1577.98,331.0
红米+note7pro,三际数码官方旗舰店,2920.0,999.0,332.0
荣耀+v20,广东电信亿品汇专卖店,2902.0,2199.0,334.0
华为+p30,三际数码官方旗舰店,2902.0,1638.0,333.0
荣耀+8x,博盛景数码专营店,2900.0,858.0,335.0
vivo+iqoo,yy_sky_2008,2899.0,2298.0,336.0
红米+k20pro,苏宁易购官方旗舰店,2893.0,2499.0,337.0
vivo+iqoo,vivo航鹰专卖店,2873.0,2498.0,338.0
华为+畅享9plus,国货平价网,2871.0,475.0,339.0
华为+畅享10plus,龙通店,2864.0,948.0,340.0
荣耀+8x,三际数码官方旗舰店,2846.0,899.0,341.0
荣耀+8x,博海宇通数码专营店,2840.0,799.0,342.0
vivo+x27,vivo智轩优品专卖店,2832.0,1298.0,343.0
oppo+r17,oppo熊鑫专卖店,2821.0,1799.0,344.0
荣耀+9x,一朵花的记忆,2820.0,899.0,345.0
oppo+r17,能良数码官方旗舰店,2809.0,699.0,346.0
apple+iphone11,三际数码官方旗舰店,2807.0,5088.0,347.0
华为+mate30,苏宁易购官方旗舰店,2799.0,3999.0,348.0
vivo+iqoo,vivo欧曙专卖店,2792.0,2498.0,349.0
vivo+x27,能良数码官方旗舰店,2775.0,1398.0,350.0
华为+nova5pro,hanjbo,2762.0,998.9,351.0
apple+iphonexr,翼天下天翼电信旗舰店,2760.0,4399.0,352.5
联想+z5,联想手机旗舰店,2759.0,998.0,354.0
小米+小米9,一朵花的记忆,2747.0,1999.0,355.0
apple+iphonexr,懒布衣,2738.0,2390.0,356.0
荣耀+v20,梅州铭鑫通讯,2733.0,899.0,357.0
apple+iphone11,苏宁易购官方旗舰店,2721.0,8699.0,359.0
apple+iphone8plus,腾飞新生活,2721.0,2400.0,358.0
华为+p30,赛西湖,2715.0,2675.32,360.5
vivo+x27,vivo衡视专卖店,2712.0,1398.0,362.0
荣耀+v20,品牌机批发店,2708.0,1197.99,363.0
中兴+bladea7,zte中兴官方旗舰店,2706.0,499.0,364.5
小米+cc9,苏宁易购官方旗舰店,2702.0,1499.0,366.0
荣耀+10,荣耀官方旗舰店,2699.0,1399.0,367.0
华为+mate30pro,e酷手机网,2687.0,3287.67,368.0
荣耀+9x,诚亨通讯,2675.0,999.0,369.0
oppo+r17pro,三际数码官方旗舰店,2674.0,2999.0,370.0
荣耀+v30,梅州铭鑫通讯,2673.0,1658.0,371.0
华为+mate20x,e酷手机网,2669.0,1597.84,372.0
真我+x,苏宁易购官方旗舰店,2647.0,948.0,373.0
华为+p30,能良数码官方旗舰店,2643.0,2699.0,374.0
vivo+iqoo,三际数码官方旗舰店,2632.0,2498.0,375.0
纽曼+,纽曼亿流专卖店,2631.0,78.0,376.0
荣耀+v20,品牌机批发店,2625.0,1647.99,377.0
荣耀+8x,博盛景数码专营店,2615.0,1099.0,379.0
荣耀+v20,能良数码官方旗舰店,2615.0,2099.0,378.0
红米+7,岸越数码专营店,2613.0,699.0,380.0
红米+k20pro,梅州铭鑫通讯,2607.0,1278.0,381.0
华为+p30,能良数码官方旗舰店,2605.0,3388.0,382.0
真我+x,苏宁易购官方旗舰店,2597.0,1299.0,383.0
荣耀+v20,能良数码官方旗舰店,2590.0,2399.0,384.0
vivo+iqoo,vivo天诚专卖店,2587.0,1398.0,385.0
oppo+r17,能良数码官方旗舰店,2574.0,1799.0,386.0
oppo+findx,oppo平实专卖店,2572.0,2499.0,387.0
oppo+r17,oppo欧曙专卖店,2565.0,2999.0,388.0
荣耀+9x,wezebaba,2552.0,897.0,389.0
华为+p30,同迅数码专营店,2547.0,2499.0,390.0
oppo+r17,三际数码官方旗舰店,2532.0,1799.0,391.0
荣耀+8x,荣耀官方旗舰店,2531.0,999.0,392.0
华为+畅享9plus,久汇数码专营店,2526.0,459.0,393.5
红米+k20pro,绝对诚信qq464547963,2513.0,1288.0,395.0
华为+畅享9plus,诚亨通讯,2505.0,678.99,396.0
apple+iphonex,tao88108813,2502.0,3550.0,397.0
魅族+16,绝对诚信qq464547963,2501.0,849.0,398.0
oppo+a9,oppo普天精诚专卖店,2490.0,699.0,399.0
美图+t9,亿科美数码专营店,2485.0,999.0,400.0
oppo+findx,聚宝康数码专营店,2484.0,2499.0,401.0
尼凯恩+en3,尼凯恩旗舰店,2482.0,69.0,402.0
荣耀+v20,蓝港数码专营店,2474.0,1759.0,403.0
vivo+iqoo,vivo航鹰专卖店,2457.0,3498.0,404.0
红米+note8,热图数码专营店,2451.0,2099.0,405.0
荣耀+v30,wezebaba,2443.0,1657.0,406.0
一加+6t,港柏数码,2442.0,1424.61,407.0
华为+畅享9plus,中国移动官方旗舰店,2435.0,868.0,408.0
华为+p30,创汇通达数码旗舰店,2429.0,3388.0,409.0
apple+iphonexr,中国移动官方旗舰店,2428.0,4468.0,410.0
华为+p30,深圳一航,2425.0,1867.0,411.0
华为+p30,华为莫问专卖店,2422.0,2699.0,412.0
华为+nova5pro,赛西湖,2414.0,1487.85,413.0
oppo+a9,三际数码官方旗舰店,2412.0,699.0,414.0
oppo+r17,oppo欧曙专卖店,2409.0,1799.0,415.0
华为+p30,春江哥,2405.0,1833.48,416.0
apple+iphonexr,三际数码官方旗舰店,2388.0,4498.0,417.0
红米+note7pro,品牌机批发店,2388.0,828.99,418.0
荣耀+v20,三际数码官方旗舰店,2360.0,2699.0,419.0
荣耀+20pro,苏宁易购官方旗舰店,2357.0,2699.0,420.0
一加+7,69铺小a,2348.0,2149.0,421.0
oppo+r17pro,oppo平实专卖店,2341.0,2999.0,422.0
小米+mix3,绝对诚信qq464547963,2339.0,1688.0,423.0
华为+mate30pro,苏宁易购官方旗舰店,2335.0,6399.0,425.0
荣耀+8x,和来达数码专营店,2335.0,878.0,424.0
华为+畅享8,久汇数码专营店,2332.0,459.0,426.0
apple+iphonexsmax,子轩_果果,2329.0,3280.0,427.0
纽曼+m560,纽曼深圳专卖店,2328.0,99.0,428.0
纽曼+,东旭启信数码专营店,2319.0,78.0,429.0
荣耀+v20,广东电信亿品汇专卖店,2310.0,1749.0,430.0
华为+mate30,同步飞扬数码专营店,2298.0,1118.0,431.0
红米+note8,三际数码官方旗舰店,2293.0,999.0,432.0
荣耀+v20,wezebaba,2267.0,1207.0,433.0
红米+note7pro,龙通店,2265.0,698.0,434.0
华为+p30,能良数码官方旗舰店,2258.0,2699.0,435.0
纽曼+m560,纽曼手机旗舰店,2245.0,98.0,436.0
红米+note8,小米官方旗舰店,2242.0,899.0,437.0
apple+iphonexsmax,红红豆豆200988,2239.0,3589.0,438.0
华为+畅享9plus,诚亨通讯,2233.0,449.0,439.0
小米+小米8,龙龙发财688,2231.0,1158.0,440.0
小米+cc9,品牌机批发店,2227.0,2428.0,441.0
华为+p30,云科数码店,2225.0,1997.0,442.5
vivo+z5x,vivo欧曙专卖店,2224.0,1398.0,444.0
红米+k20pro,一朵花的记忆,2223.0,1308.0,446.0
oppo+r17pro,oppo欧曙专卖店,2223.0,2999.0,445.0
荣耀+v30,卓瓦数码专营店,2212.0,2099.0,447.0
华为+p30,yuzunyi0423,2211.0,2800.0,448.0
华为+nova5pro,京合旗舰店,2202.0,1199.0,449.0
华为+p30,能良数码官方旗舰店,2199.0,3388.0,450.0
apple+iphonexsmax,新平通讯,2192.0,3380.0,451.0
荣耀+8x,龙通店,2188.0,798.0,452.0
纽曼+,金辉天成数码专营店,2161.0,109.0,453.0
华为+畅享9,巨利泰数码专营店,2160.0,799.0,454.0
oppo+a9,wallter_yuan,2146.0,635.0,456.0
华为+p30,hanjbo,2146.0,1757.82,455.0
华为+mate20x,辽宁东哲数码连锁,2145.0,1586.41,457.0
荣耀+v20,中国移动官方旗舰店,2144.0,1199.0,458.0
荣耀+8x,中国移动官方旗舰店,2138.0,899.0,459.0
华为+p30,中国移动官方旗舰店,2132.0,3388.0,460.0
华为+p30,春江哥,2127.0,2625.37,461.0
apple+iphonexr,利显科技,2121.0,2378.0,462.0
美图+t9,美图旅之丰专卖店,2110.0,999.0,463.0
荣耀+9x,深圳一航,2109.0,909.0,464.0
华为+p30,中宽通讯行,2105.0,2667.73,465.0
vivo+iqoo,vivo衡视专卖店,2093.0,3498.0,466.0
荣耀+8x,龙通店,2072.0,808.0,467.0
荣耀+v20,中宽通讯行,2071.0,1667.83,468.0
华为+mate30pro,深港通信专卖,2070.0,3404.59,469.0
华为+p30,手机_小秘,2052.0,197.99,470.5
vivo+iqoo,苏宁易购官方旗舰店,2049.0,3198.0,472.0
荣耀+v20,博盛景数码专营店,2047.0,888.0,473.0
vivo+iqoo,苏宁易购官方旗舰店,2038.0,2098.0,474.0
华为+p30,中国移动官方旗舰店,2033.0,2699.0,475.0
apple+iphone11,中国移动官方旗舰店,2032.0,5198.0,476.0
vivo+iqoo,青松数码2009,2028.0,1098.0,477.0
华为+nova5pro,佳欣共创科技,2024.0,1518.0,478.0
荣耀+8x,中国移动官方旗舰店,2022.0,899.0,479.0
华为+nova5pro,春江哥,2018.0,1295.1,481.0
荣耀+8x,京合旗舰店,2018.0,1099.0,480.0
apple+iphone8plus,鱼得水_168,2013.0,1838.0,482.0
荣耀+v20,久汇数码专营店,2012.0,858.0,483.0
纽曼+,苏宁易购官方旗舰店,1997.0,228.0,484.0
华为+mate30pro,yuzunyi0423,1996.0,3288.0,485.0
荣耀+8x,chenghong301314,1993.0,669.0,486.0
华为+nova4,广东电信亿品汇专卖店,1987.0,1118.0,487.0
华为+p30,同步飞扬数码专营店,1978.0,2699.0,488.0
apple+iphone8plus,时尚麻豆家企业店铺,1978.0,2400.0,489.0
apple+iphonexr,y66613031,1961.0,2599.0,490.0
vivo+x27pro,vivo天诚专卖店,1959.0,2498.0,491.0
华为+nova5pro,炫和科技,1947.0,1294.92,492.0
荣耀+9x,绝对诚信qq464547963,1946.0,848.0,493.0
红米+note8,chenghong301314,1943.0,899.0,494.0
华为+nova5,京合旗舰店,1940.0,799.0,495.0
vivo+x27,vivo官方旗舰店,1938.0,2698.0,496.0
荣耀+8x,一朵花的记忆,1930.0,799.0,497.0
oppo+renoz,苏宁易购官方旗舰店,1929.0,2199.0,498.0
vivo+z5x,chenghong301314,1928.0,849.0,499.0
华为+nova5pro,南南jd,1924.0,1378.0,500.0
华为+畅享10plus,深港通信专卖,1923.0,948.0,501.0
红米+7,龙通店,1921.0,528.0,502.0
一加+6t,一加创华威专卖店,1919.0,2599.0,503.0
荣耀+v20,三际数码官方旗舰店,1919.0,1849.0,504.5
小米+cc9,龙通店,1917.0,918.0,506.0
荣耀+v20,苏宁易购官方旗舰店,1915.0,1799.0,507.0
三星+galaxys10+,伊恋纯服饰,1914.0,1898.0,508.0
红米+7a,小米官方旗舰店,1913.0,539.0,509.0
纽曼+,德隆兴盛数码专营店,1909.0,58.0,510.0
apple+iphonexr,七分钟年华不老,1909.0,2780.0,511.0
华为+mate30pro,友铭数码通讯,1908.0,3228.0,512.0
apple+iphone11,简益通讯,1907.0,4888.0,513.0
红米+7a,heatlinda,1906.0,528.0,514.0
黑鲨+,白开水的点燃方式,1903.0,729.0,515.0
apple+iphonexsmax,智尚通讯,1898.0,3100.0,516.0
华为+畅享8,启能数码专营店,1897.0,439.0,517.0
oppo+r17,oppo金谷专卖店,1895.0,1799.0,518.0
红米+note8,给力不坑爹,1891.0,468.0,519.0
小米+cc9,小米官方旗舰店,1887.0,1999.0,520.0
vivo+x27,vivo航鹰专卖店,1885.0,1398.0,521.0
华为+p30,创汇通达数码旗舰店,1875.0,3388.0,522.0
apple+iphone11promax,光头先僧,1873.0,3668.0,523.0
华为+mate30,苏宁易购官方旗舰店,1872.0,4999.0,524.0
华为+p30,蓝港数码专营店,1851.0,3388.0,526.0
尼凯恩+,尼凯恩旗舰店,1851.0,69.0,525.0
创星+s1,炜广天成数码专营店,1847.0,168.0,527.0
apple+iphone8plus,tb7002500_2011,1841.0,1450.0,528.0
红米+7,和来达数码专营店,1839.0,1029.0,529.0
vivo+iqoo,vivo欧曙专卖店,1837.0,2298.0,530.0
oppo+r17,oppo品牌企业店,1835.0,1599.0,531.0
荣耀+v20,蓝港数码专营店,1834.0,1649.0,532.0
一加+7pro,中宽通讯行,1831.0,1817.81,533.5
vivo+x27,京联通达数码旗舰店,1830.0,1398.0,535.0
红米+k20pro,佳欣共创科技,1830.0,1788.0,536.0
华为+nova5pro,yeabay,1821.0,1998.0,537.0
三星+galaxys10+,随风飞扬y,1811.0,2408.0,538.0
华为+p30,华为莫问专卖店,1808.0,2788.0,539.0
华为+p30,广东电信亿品汇专卖店,1806.0,2499.0,540.0
荣耀+v20,徐志明tb,1799.0,707.4,541.0
荣耀+10,苏宁易购官方旗舰店,1797.0,899.0,542.0
纽曼+,创于佳讯数码专营店,1792.0,98.0,543.0
华为+mate20pro,众合数码高手,1781.0,2990.0,544.0
apple+iphonexr,美图好手机,1779.0,2050.0,545.0
锤子+坚果pro2s,小城大爱a,1776.0,1092.51,546.0
荣耀+v30,中国移动官方旗舰店,1774.0,2299.0,547.0
红米+7,能良数码官方旗舰店,1766.0,999.0,548.0
华为+mate30pro,苏苏通讯,1763.0,3397.32,549.0
华为+p30,中国移动官方旗舰店,1756.0,3388.0,550.0
华为+p30,能良数码官方旗舰店,1754.0,2499.0,551.0
apple+iphone8plus,adfkfilemon,1752.0,2130.0,552.0
华为+p30,手机_小秘,1748.0,397.99,553.0
努比亚+x,苏宁易购官方旗舰店,1740.0,1699.0,554.0
纽曼+,纽曼深圳专卖店,1734.0,158.0,555.0
apple+iphonexr,彩虹色的蜻蜓,1727.0,2128.5,556.0
apple+iphone11,最低最诚信,1724.0,4788.0,557.0
vivo+iqoo,三际数码官方旗舰店,1723.0,799.0,558.0
华为+mate20pro,绝对诚信qq464547963,1722.0,1798.0,559.0
apple+iphone11promax,肥鹏展翅,1718.0,3558.0,560.0
apple+iphone7plus,三际数码官方旗舰店,1717.0,3488.0,561.0
华为+畅享10plus,苏宁易购官方旗舰店,1713.0,1399.0,563.0
荣耀+8x,龙通店,1713.0,897.99,562.0
vivo+z5x,vivo官方旗舰店,1708.0,1398.0,565.0
apple+iphonexsmax,启泰数码,1708.0,3073.46,564.0
vivo+x27pro,京联通达数码旗舰店,1705.0,2498.0,567.0
华为+nova4,南南jd,1705.0,1078.0,566.0
一加+7pro,一加创华威专卖店,1703.0,3199.0,568.0
纽曼+,青柠时代数码专营店,1699.0,158.0,569.0
锤子+坚果pro3,坚果手机旗舰店,1697.0,2399.0,570.0
apple+iphonexr,鱼得水_168,1696.0,2388.6,571.0
荣耀+v20,能良数码官方旗舰店,1695.0,2699.0,572.0
华为+mate20x,苏苏通讯,1691.0,1797.64,573.0
华为+p30,三际数码官方旗舰店,1688.0,1098.0,574.0
红米+note8,能良数码官方旗舰店,1682.0,999.0,575.0
apple+iphonexsmax,y66613031,1677.0,3499.0,576.5
apple+iphone11promax,icmay2012,1673.0,3499.0,578.0
荣耀+v20,鸿威通讯,1671.0,1628.0,579.0
apple+iphone11,尤里xx,1667.0,5030.0,580.0
apple+iphone11promax,最低最诚信,1666.0,4788.0,581.0
apple+iphone8plus,新园通讯数码,1665.0,1937.99,582.0
华为+mate20x,三际数码官方旗舰店,1663.0,3078.0,583.0
vivo+iqoo,yy_sky_2008,1662.0,3198.0,584.0
vivo+iqoo,vivo官方旗舰店,1656.0,3198.0,585.0
荣耀+8x,同迅数码专营店,1650.0,988.0,586.0
美图+t9,meitu美图浩丰专卖店,1641.0,999.0,587.0
apple+iphone11,翼天下天翼电信旗舰店,1640.0,5149.0,588.0
小米+小米9,品牌机批发店,1635.0,2428.0,589.0
魅族+x8,苏宁易购官方旗舰店,1631.0,798.0,590.0
vivo+iqoo,茂鹏数码专营店,1626.0,3498.0,591.0
华为+nova5pro,云腾数码商城,1621.0,1006.99,592.0
荣耀+8x,和来达数码专营店,1599.0,599.0,594.0
vivo+u3x,能良数码官方旗舰店,1599.0,799.0,593.0
小米+cc9,品牌机批发店,1596.0,899.0,595.5
努比亚+红魔3,heatlinda,1585.0,2128.0,597.0
apple+iphonexr,zl528008,1578.0,1800.0,598.0
小米+max3,龙通店,1577.0,899.0,599.0
红米+note8,广东电信亿品汇专卖店,1575.0,999.0,600.0
apple+iphone11promax,zhuxiaoming1113,1572.0,5049.0,602.0
apple+iphone8plus,zhimingyouhuo4,1572.0,1388.0,601.0
apple+iphone8,苏宁易购官方旗舰店,1569.0,3999.0,603.0
华为+畅享9,蓝港数码专营店,1564.0,1099.0,604.0
apple+iphone7,fashino小怪,1562.0,1600.0,605.0
apple+iphone7plus,会耍赖的猫888,1560.0,1500.0,607.0
荣耀+v20,中国移动官方旗舰店,1560.0,1099.0,606.0
华为+mate30pro,京成数码商贸,1553.0,3416.0,608.0
华为+nova5,深港通信专卖,1552.0,1326.67,609.0
小米+小米9,中国移动官方旗舰店,1549.0,1419.0,610.0
vivo+u1,vivo官方旗舰店,1548.0,799.0,611.0
小米+cc9,小米官方旗舰店,1545.0,1099.0,612.0
oppo+reno,oppo官方旗舰店,1544.0,3799.0,613.0
荣耀+10,苏宁易购官方旗舰店,1537.0,1799.0,614.0
红米+k20pro,三际数码官方旗舰店,1526.0,2599.0,615.0
华为+nova4,品牌机批发店,1523.0,1088.0,616.0
vivo+x27,茂鹏数码专营店,1522.0,1398.0,617.5
华为+mate30pro,中宽通讯行,1520.0,3427.65,619.0
apple+iphone11,炫和科技,1514.0,4839.12,620.0
apple+iphone8plus,美图好手机,1512.0,2100.0,621.0
华为+nova5pro,中国移动官方旗舰店,1510.0,2499.0,622.0
apple+iphone8plus,ysdee9,1508.0,2150.0,623.0
华为+p30,苏苏通讯,1507.0,2627.47,624.0
vivo+iqoo,vivo欧曙专卖店,1502.0,3498.0,625.0
oppo+r17pro,能良数码官方旗舰店,1500.0,2999.0,626.0
apple+iphone8plus,创皂美丽时代创美,1499.0,2100.0,627.0
魅族+16xs,苏宁易购官方旗舰店,1495.0,1349.0,628.0
oppo+r17,oppo聚洪欧珀专卖店,1495.0,1799.0,629.0
oppo+findx,能良数码官方旗舰店,1489.0,2499.0,630.0
华为+nova5,苏宁易购官方旗舰店,1486.0,2099.0,631.0
华为+mate20,蓝港数码专营店,1484.0,1299.0,632.0
红米+note8,中国移动官方旗舰店,1482.0,979.0,633.0
魅族+16,白开水的点燃方式,1474.0,2599.0,634.0
荣耀+9x,品牌机批发店,1457.0,847.99,635.0
华为+p30,同步飞扬数码专营店,1453.0,6399.0,636.0
荣耀+8x,有话好说liu,1446.0,698.0,637.0
荣耀+8x,深圳一航,1443.0,689.0,638.0
apple+iphone8plus,tb9173203_00,1442.0,2000.0,639.0
纽曼+,创于佳讯数码专营店,1440.0,198.0,640.5
荣耀+8x,oksj数码旗舰店,1439.0,1099.0,642.0
华为+nova6,华为官方旗舰店,1432.0,2199.0,643.0
apple+iphone8plus,桐庐丽影贸易有限公司,1426.0,2100.0,644.0
小米+小米9se,龙通店,1426.0,1308.0,645.0
apple+iphone11,绿森数码官方旗舰店,1424.0,5499.0,646.0
华为+nova5pro,一朵花的记忆,1422.0,1418.0,647.0
荣耀+10,荣耀官方旗舰店,1419.0,1799.0,648.0
apple+iphonex,朵儿妈的生活,1417.0,3600.0,649.0
荣耀+v20,蓝港数码专营店,1415.0,2699.0,650.0
红米+note8,友铭数码通讯,1401.0,778.0,651.0
apple+iphone8plus,kee123,1401.0,1979.0,652.0
荣耀+v20,中国移动官方旗舰店,1399.0,1779.0,653.0
红米+note8,中国移动官方旗舰店,1399.0,959.0,654.0
oppo+r17,oppo平实专卖店,1395.0,1799.0,655.0
华为+畅享9,中国移动官方旗舰店,1394.0,748.0,656.0
华为+mate20x,yuzunyi0423,1394.0,1918.0,657.0
apple+iphonexr,嘉年商业,1392.0,2368.0,658.0
oppo+findx,诚信数码0791,1384.0,3168.0,659.0
纽曼+,纽曼易为理想专卖店,1382.0,105.0,660.0
一加+6t,佳欣共创科技,1380.0,2699.0,661.0
华为+nova5,白开水的点燃方式,1380.0,1467.99,662.0
apple+iphonexsmax,翼天下天翼电信旗舰店,1379.0,6299.0,663.5
华为+nova5pro,黄大帅199,1378.0,997.0,665.0
一加+7pro,wezebaba,1374.0,1719.0,666.0
华为+nova4,深港通信专卖,1372.0,1098.0,667.0
vivo+iqoo,三际数码官方旗舰店,1363.0,3498.0,669.0
apple+iphone11promax,光头先僧,1363.0,3558.0,668.0
华为+畅享9,给力不坑爹,1356.0,488.0,670.0
小米+cc9,苏宁易购官方旗舰店,1352.0,1099.0,671.0
荣耀+v20,博盛景数码专营店,1344.0,2249.0,672.0
华为+nova5,久汇数码专营店,1338.0,999.0,673.0
vivo+iqoo,京联通达数码旗舰店,1337.0,3498.0,674.0
vivo+iqoo,首佳誉数码专营店,1336.0,2498.0,675.0
vivo+x27,vivo官方旗舰店,1330.0,999.0,676.0
魅族+16xs,绝对诚信qq464547963,1320.0,987.99,677.0
三星+galaxys10+,点点通讯2009,1318.0,2388.0,678.0
华为+mate30pro,国货平价网,1315.0,3268.0,679.0
纽曼+,恒诚卓越数码专营店,1311.0,63.0,680.0
荣耀+v20,绝对诚信qq464547963,1310.0,1198.0,681.0
apple+iphone8plus,陈娜5218,1309.0,2150.0,682.0
纽曼+,纽曼深圳专卖店,1307.0,178.0,683.0
vivo+iqoo,三际数码官方旗舰店,1304.0,1998.0,684.0
华为+p30,中国移动官方旗舰店,1297.0,2699.0,685.0
vivo+iqoo,博盛景数码专营店,1293.0,1298.0,686.0
红米+note7pro,三际数码官方旗舰店,1292.0,659.0,688.0
oppo+reno,oppo手机总代理,1292.0,1799.0,687.0
vivo+z5x,有话好说liu,1291.0,858.0,689.0
荣耀+20pro,春江哥,1291.0,1474.56,690.0
一加+7,品牌机批发店,1290.0,1719.0,691.0
荣耀+20,荣耀官方旗舰店,1286.0,1699.0,692.0
华为+mate30pro,春江哥,1283.0,3245.75,693.0
apple+iphone11promax,远航通讯16,1281.0,3598.0,694.0
华为+p30,同步飞扬数码专营店,1277.0,998.0,695.0
华为+mate30pro,云腾数码商城,1275.0,3064.93,696.0
vivo+iqoo,苏宁易购官方旗舰店,1268.0,3198.0,697.0
荣耀+v20,京合旗舰店,1267.0,1799.0,700.0
一加+7pro,wezebaba,1267.0,1719.0,698.0
vivo+x27,vivo航鹰专卖店,1267.0,799.0,699.0
黑鲨+,白开水的点燃方式,1261.0,749.0,701.0
vivo+x27,vivo航鹰专卖店,1260.0,1298.0,702.0
红米+note8,广东电信亿品汇专卖店,1251.0,1059.0,704.0
红米+note8,能良数码官方旗舰店,1251.0,999.0,703.0
荣耀+8x,三际数码官方旗舰店,1231.0,1999.0,705.0
vivo+u1,vivo智轩优品专卖店,1216.0,799.0,706.0
华为+p30,京合旗舰店,1215.0,1799.0,707.0
apple+iphone11promax,领域数码通讯,1213.0,3565.0,708.0
小米+小米9,友铭数码通讯,1209.0,2348.0,709.0
apple+iphone11promax,y66613031,1209.0,4549.0,710.0
魅族+16,阿凡提商城,1202.0,2608.0,711.0
荣耀+v20,中国移动官方旗舰店,1195.0,739.0,712.0
vivo+z5x,首佳誉数码专营店,1194.0,1398.0,713.0
华为+nova5pro,中宽通讯行,1193.0,1437.85,714.0
华为+nova5pro,三际数码官方旗舰店,1191.0,989.0,715.0
真我+x,realme官方旗舰店,1187.0,1299.0,716.0
荣耀+v20,广东电信亿品汇专卖店,1184.0,2699.0,717.0
荣耀+20,友铭数码通讯,1178.0,1427.99,718.0
纽曼+,纽曼深圳专卖店,1176.0,198.0,719.0
华为+nova5pro,深圳一航,1175.0,1198.0,720.0
华为+mate20pro,成都长庚,1170.0,1829.0,721.0
华为+麦芒8,国货平价网,1168.0,1316.68,722.0
华为+p30,蓝港数码专营店,1161.0,3388.0,723.0
apple+iphone11,zxsgtc,1158.0,4990.0,724.0
华为+p30,广东电信亿品汇专卖店,1156.0,3388.0,726.0
华为+mate30pro,赛西湖,1156.0,3284.71,725.0
华为+mate30pro,heatlinda,1150.0,3278.0,727.0
荣耀+v20,一朵花的记忆,1147.0,848.0,729.0
红米+note8,一朵花的记忆,1147.0,928.0,728.0
尼凯恩+,淘杰翔数码专营店,1145.0,49.0,730.0
apple+iphonexr,明辉手机2011,1144.0,3465.0,732.0
oppo+r17,oppo平实专卖店,1144.0,2999.0,731.0
华为+nova5pro,成都长庚,1143.0,1299.0,733.5
荣耀+v30,heatlinda,1137.0,2998.0,735.0
华为+mate20,云腾数码商城,1135.0,1456.54,736.0
apple+iphonexr,wy1689999,1135.0,2381.6,737.0
小米+小米9,魅立数码专营店,1133.0,2389.0,738.0
apple+iphone11,卓瓦数码专营店,1132.0,5048.0,739.0
华为+nova4,中国移动官方旗舰店,1126.0,1198.0,740.0
荣耀+v20,蓝港数码专营店,1120.0,1999.0,741.0
apple+iphonexsmax,钓鱼岛就是中国领土,1115.0,3613.5,742.0
apple+iphone11,翼天下天翼电信旗舰店,1107.0,5149.0,743.0
apple+iphone11promax,古龙圣宝,1106.0,7388.0,744.0
荣耀+20pro,广东电信亿品汇专卖店,1106.0,1499.0,745.0
尼凯恩+,尼凯恩旗舰店,1104.0,89.0,746.0
华为+p30,创汇通达数码旗舰店,1101.0,968.0,748.0
三星+galaxynote10,快乐家族_tb3,1101.0,4300.0,747.0
vivo+iqoo,vivo天诚专卖店,1100.0,3498.0,749.0
apple+iphonexsmax,舞夜友明工作室,1098.0,1700.0,750.0
红米+note7pro,一朵花的记忆,1093.0,799.0,751.0
oppo+r17pro,三际数码官方旗舰店,1093.0,2999.0,752.0
vivo+iqoo,三际数码官方旗舰店,1090.0,2898.0,753.0
荣耀+v30,绝对诚信qq464547963,1089.0,2968.0,755.0
红米+k20pro,鸿威通讯,1089.0,1278.0,754.0
apple+iphonexsmax,懒布衣,1086.0,3100.0,756.0
红米+k20,一朵花的记忆,1084.0,528.0,757.0
锤子+坚果r1,小城大爱a,1078.0,1530.31,758.0
华为+nova5pro,云科数码店,1076.0,1406.59,759.0
oppo+reno,苏宁易购官方旗舰店,1070.0,2999.0,761.0
vivo+x27,vivo天诚专卖店,1070.0,1148.0,760.0
vivo+iqoo,中国移动官方旗舰店,1069.0,1198.0,762.0
apple+iphonexsmax,静房王树楷,1068.0,5030.0,763.0
vivo+x27,京联通达数码旗舰店,1067.0,799.0,765.0
华为+p30,才发现永远太近,1067.0,2595.4,764.0
小米+小米9,中国移动官方旗舰店,1066.0,2499.0,766.0
荣耀+9x,春江哥,1065.0,857.28,767.0
oppo+reno,oppo手机总代理,1063.0,2999.0,768.0
荣耀+v30,oksj数码旗舰店,1059.0,868.0,769.0
apple+iphone8,zhouhaoxin18888,1053.0,2058.0,770.5
apple+iphone11,朗朗电玩,1052.0,5040.0,772.0
小米+小米9,广东电信亿品汇专卖店,1051.0,3598.0,773.0
apple+iphone8,会耍赖的猫888,1047.0,2350.0,774.0
华为+mate20x,手机_小秘,1046.0,99.99,775.5
纽曼+,纽曼深圳专卖店,1045.0,98.0,778.0
apple+iphone11,李小麦的店,1045.0,4968.0,777.0
联想+z5,卓瓦数码专营店,1043.0,728.0,781.0
黑鲨+,广东电信亿品汇专卖店,1043.0,2389.0,779.0
华为+p30,炫和科技,1043.0,1948.32,780.0
华为+nova4,中国移动官方旗舰店,1038.0,1118.0,782.0
apple+iphonexsmax,三际数码官方旗舰店,1037.0,5988.0,783.0
apple+iphonexr,时尚华尔,1033.0,2800.0,784.0
华为+p30,同步飞扬数码专营店,1033.0,4299.0,785.0
oppo+r17,oneplus商城,1032.0,1199.0,786.0
apple+iphonexr,zhuxiaoming1113,1031.0,4000.0,787.0
apple+iphonexr,锴诚有限公司,1031.0,2682.9,788.0
纽曼+,炜广天成数码专营店,1028.0,198.0,789.0
华为+p30,众合数码高手,1022.0,2690.0,791.0
荣耀+v20,京合旗舰店,1022.0,1199.0,790.0
红米+k20pro,诚亨通讯,1019.0,1368.99,792.0
apple+iphonexr,妞妞之女王路人甲,1019.0,3520.0,793.0
oppo+r17,oppo熊鑫专卖店,1013.0,2199.0,794.0
oppo+a5,oppo聚洪欧珀专卖店,1012.0,699.0,795.0
华为+mate30pro,为人民服务666,1007.0,3439.0,796.0
荣耀+20i,三际数码官方旗舰店,1007.0,599.0,797.0
apple+iphone8plus,xiangchuner001,1004.0,2398.0,798.0
荣耀+8x,博盛景数码专营店,1002.0,999.0,799.0
魅族+16xs,绝对诚信qq464547963,1001.0,1968.0,800.0
apple+iphone11,中国移动官方旗舰店,996.0,5198.0,801.0
荣耀+v20,君问数码官方旗舰店,993.0,1099.0,802.0
vivo+iqoo,能良数码官方旗舰店,990.0,3498.0,803.0
华为+nova5pro,梅州铭鑫通讯,989.0,1408.0,804.0
努比亚+红魔3,卓瓦数码专营店,987.0,1658.0,805.0
红米+8a,小米官方旗舰店,986.0,599.0,806.0
vivo+x27pro,vivo官方旗舰店,984.0,3298.0,807.0
apple+iphone11,手机_小秘,979.0,1997.99,808.0
apple+iphonexsmax,中国移动官方旗舰店,962.0,5558.0,809.0
红米+note8,中国移动官方旗舰店,960.0,1079.0,811.0
荣耀+v20,中宽通讯行,960.0,1737.82,810.0
红米+k20pro,龙通店,959.0,1285.0,812.0
荣耀+20i,oksj数码旗舰店,956.0,848.0,813.0
华为+p30,同步飞扬数码专营店,956.0,3999.0,814.0
vivo+z5x,vivo曼尼金专卖店,954.0,1398.0,815.0
vivo+iqoo,中国移动官方旗舰店,952.0,2998.0,816.0
荣耀+8x,和来达数码专营店,950.0,899.0,817.0
纽曼+,纽曼世腾专卖店,949.0,138.0,818.0
荣耀+20i,小城大爱a,948.0,886.22,819.0
荣耀+20pro,三际数码官方旗舰店,946.0,1499.0,820.0
华为+p30,晨星泰合数码专营店,943.0,2199.0,821.0
apple+iphonexsmax,利显科技,942.0,3139.29,822.0
红米+k20pro,广东电信亿品汇专卖店,939.0,2299.0,823.0
华为+p30,鲁信数码科技公司,937.0,2829.0,824.0
华为+p30,鸿威通讯,937.0,1358.0,825.0
华为+mate20x,鲁信数码科技公司,933.0,1958.0,826.0
oppo+r17,oppo熊鑫专卖店,926.0,1799.0,827.0
apple+iphone11,古龙圣宝,924.0,5028.0,828.0
三星+galaxys10+,周减减,918.0,2368.0,829.0
华为+麦芒8,品牌机批发店,917.0,1297.99,830.0
红米+note7pro,有话好说liu,915.0,747.99,832.0
华为+畅享10plus,中国移动官方旗舰店,915.0,998.0,831.0
纽曼+,宸欣数码专营店,914.0,148.0,833.0
荣耀+v30,京合旗舰店,913.0,1099.0,834.0
中兴+bladev10,zte中兴官方旗舰店,912.0,799.0,835.0
oppo+r17,时器数码专营店,911.0,1799.0,836.0
oppo+r17,oppo熊鑫专卖店,909.0,2999.0,838.0
荣耀+20,wezebaba,909.0,999.0,837.0
荣耀+v20,深圳佳发通讯,908.0,2999.0,839.0
vivo+iqoo,vivo天诚专卖店,907.0,1998.0,840.5
魅族+note9,苏宁易购官方旗舰店,905.0,1049.0,842.0
三星+galaxynote10,大晟威盛,903.0,4496.0,844.0
apple+iphone11promax,sayhay自营店,903.0,3530.0,843.0
一加+6t,雨夹雪91,902.0,1176.0,845.0
荣耀+20,博盛景数码专营店,902.0,2199.0,846.0
荣耀+10,蓝港数码专营店,901.0,799.0,847.0
oppo+r17pro,oppo银通亿禾专卖店,899.0,1299.0,848.0
红米+7a,岸越数码专营店,896.0,468.0,849.0
华为+p30,鑫世纪88通讯专卖,894.0,1949.0,850.0
荣耀+9x,梅州铭鑫通讯,889.0,519.0,851.0
vivo+iqoo,yy_sky_2008,888.0,1998.0,852.0
华为+p30,久汇数码专营店,886.0,1049.0,853.0
红米+note8,能良数码官方旗舰店,882.0,1099.0,854.0
apple+iphonex,深圳梦幻公主服饰,881.0,3415.5,855.0
华为+p30,京联通达数码旗舰店,879.0,3388.0,856.0
魅族+16xs,魅族晓亚专卖店,879.0,1008.0,857.0
vivo+iqoo,vivo航鹰专卖店,878.0,2198.0,858.0
apple+iphonex,壹加陆时尚女装,878.0,2728.0,859.0
华为+畅享9plus,中国移动官方旗舰店,877.0,868.0,860.0
华为+p30,和来达数码专营店,876.0,3388.0,861.0
荣耀+v20,广东电信亿品汇专卖店,873.0,1638.0,862.0
荣耀+v30,wezebaba,872.0,2998.0,863.0
一加+7,悦动数码店,870.0,3209.0,864.0
apple+iphone11,ygsd,868.0,4758.0,865.0
小米+cc9,友铭数码通讯,863.0,858.0,866.0
华为+p30,博海宇通数码专营店,862.0,1088.0,868.0
红米+7a,小米合加专卖店,862.0,469.0,867.0
apple+iphone11promax,ygsd,862.0,5268.0,869.0
荣耀+10,广东电信亿品汇专卖店,861.0,1399.0,870.0
vivo+x27,苏宁易购官方旗舰店,860.0,999.0,872.0
魅族+16x,阿凡提商城,860.0,848.0,871.0
小米+cc9,诚亨通讯,858.0,919.0,873.5
vivo+x27,vivo天诚专卖店,855.0,799.0,875.0
华为+mate30,君问数码官方旗舰店,852.0,849.0,876.0
华为+畅享8,king_llz,851.0,558.0,877.0
华为+畅享9,泷泽hyp,848.0,988.0,878.5
apple+iphone11,zhuxiaoming1113,847.0,3663.0,880.0
红米+note8,魅立数码专营店,843.0,949.0,881.0
华为+nova5,国货平价网,842.0,1456.54,882.0
锤子+坚果pro3,苏宁易购官方旗舰店,841.0,2399.0,883.0
华为+mate30pro,赛西湖,838.0,3467.65,884.0
荣耀+20,诚亨通讯,836.0,918.99,885.0
vivo+x27,vivo智轩优品专卖店,831.0,1398.0,886.0
apple+iphone11promax,y66613031,831.0,3350.0,888.0
荣耀+20i,广东电信亿品汇专卖店,831.0,1999.0,887.0
华为+mate30,京联通达数码旗舰店,829.0,1799.0,889.0
vivo+iqoo,yy_sky_2008,828.0,1998.0,890.0
红米+note8,有话好说liu,826.0,848.0,891.0
vivo+z5x,诚亨通讯,825.0,869.0,892.0
纽曼+,纽曼手机旗舰店,825.0,218.0,893.0
apple+iphonexr,钓鱼岛就是中国领土,820.0,2524.5,894.0
oppo+k5,oneplus商城,817.0,1799.0,895.0
oppo+r17,能良数码官方旗舰店,817.0,1799.0,896.0
vivo+z5x,vivo欧曙专卖店,816.0,799.0,897.0
华为+p30,京合旗舰店,815.0,3388.0,898.0
oppo+r17pro,诚信花木0102,813.0,1368.0,899.0
魅族+16xs,三际数码官方旗舰店,811.0,1048.0,900.0
oppo+r17,聚宝康数码专营店,810.0,2999.0,901.0
apple+iphonex,因尔科技,808.0,2120.0,902.0
纽曼+,简易生活数码专营店,806.0,559.0,904.0
华为+mate30pro,手机_小秘,806.0,287.99,903.0
尼凯恩+,尼凯恩旗舰店,803.0,49.0,905.0
华为+p30,蓝港数码专营店,799.0,1799.0,907.0
荣耀+v30,博海宇通数码专营店,799.0,699.0,906.0
努比亚+x,苏宁易购官方旗舰店,798.0,2799.0,908.0
apple+iphone11,麦克团mactuancom,794.0,5050.0,909.0
三星+galaxynote10,小萝卜通讯,793.0,3808.0,910.0
荣耀+v20,宏利达手机通讯,790.0,2129.0,912.0
apple+iphone11,小唐1688,790.0,3750.0,911.0
荣耀+8x,博海宇通数码专营店,787.0,858.0,913.0
红米+7,优爱特手机专营店,786.0,758.0,914.0
荣耀+v20,梅州铭鑫通讯,786.0,1496.5,915.5
apple+iphonexsmax,中国移动官方旗舰店,785.0,6388.0,918.0
华为+nova5,京合旗舰店,785.0,1799.0,917.0
华为+p30,三际数码官方旗舰店,784.0,6399.0,919.0
oppo+r17,聚宝康数码专营店,783.0,1799.0,920.0
apple+iphone8plus,爱上一个少年,783.0,1389.0,921.0
vivo+x27,vivo官方旗舰店,781.0,3998.0,923.0
apple+iphone11promax,糊涂在线,781.0,4958.0,922.0
vivo+iqoo,京联通达数码旗舰店,780.0,2298.0,924.0
华为+nova5pro,广东电信亿品汇专卖店,778.0,1088.0,925.0
vivo+z5x,诚亨通讯,778.0,1099.0,926.0
vivo+iqoo,vivo官方旗舰店,776.0,2598.0,927.0
红米+k20pro,苏宁易购官方旗舰店,775.0,1699.0,928.0
华为+mate20pro,京成数码商贸,775.0,2399.0,929.0
oppo+reno,oneplus商城,773.0,2999.0,930.0
vivo+iqoo,博盛景数码专营店,771.0,1398.0,931.0
oppo+r17pro,oppo金谷专卖店,771.0,2999.0,932.0
三星+galaxys10,wxy优优,770.0,2718.0,934.0
apple+iphonex,俞小wen,770.0,3350.0,933.0
努比亚+红魔3,热图数码专营店,764.0,1599.0,935.5
华为+畅享9plus,久汇数码专营店,762.0,798.0,938.0
红米+note8,广东电信亿品汇专卖店,762.0,949.0,937.0
oppo+r17,oppo官方旗舰店,760.0,2299.0,939.0
vivo+iqoo,vivo航鹰专卖店,759.0,2898.0,941.0
vivo+u1,诚亨通讯,759.0,668.99,941.0
vivo+u1,chenghong301314,758.0,618.0,943.0
荣耀+v20,君问数码官方旗舰店,757.0,2199.0,944.0
vivo+u1,vivo官方旗舰店,756.0,799.0,945.0
荣耀+v20,梅州铭鑫通讯,752.0,1168.0,946.0
apple+iphone11promax,数码科技1628_1628,751.0,3458.8,947.0
apple+iphone11promax,佳欣共创科技,746.0,5129.0,948.0
黑鲨+,乐畔乐购旗舰店,743.0,3499.0,949.0
apple+iphonexsmax,雨泽2709,742.0,4600.0,950.0
华为+畅享10plus,小淘器数码专营店,742.0,1199.0,951.0
红米+note8,中国移动官方旗舰店,741.0,1079.0,953.0
纽曼+l8s,深圳易乐购数码专营店,741.0,89.0,952.0
华为+p30,华为莫问专卖店,738.0,6399.0,954.0
apple+iphone11,hdjkgll,735.0,5030.0,955.0
apple+iphone11promax,handinhand00,733.0,4988.0,956.5
华为+mate30pro,wezebaba,730.0,3268.0,958.0
华为+畅享10plus,诚亨通讯,727.0,949.0,959.5
vivo+iqoo,vivo欧曙专卖店,726.0,2898.0,961.0
红米+note8,卓瓦数码专营店,724.0,579.0,962.0
oppo+r17pro,智宏新创数码专营店,723.0,2999.0,963.0
华为+p30,三际数码官方旗舰店,717.0,3999.0,964.0
华为+nova4,久汇数码专营店,714.0,798.0,965.0
oppo+a5,oppo瑞福轩专卖店,708.0,899.0,966.0
vivo+iqoo,华中科技商城,707.0,1088.01,967.0
荣耀+v30,中国移动官方旗舰店,705.0,2699.0,968.0
oppo+r17,oppo酷炫专卖店,699.0,2499.0,969.0
小米+小米9,中国移动官方旗舰店,693.0,1019.0,970.0
apple+iphone11promax,钓鱼岛就是中国领土,692.0,4613.39,971.0
apple+iphone11promax,苹果配件2013,687.0,3562.0,972.0
荣耀+8x,博盛景数码专营店,684.0,1499.0,974.0
黑鲨+,和来达数码专营店,684.0,2199.0,973.0
oppo+r17pro,缘落花开0102,683.0,1348.0,975.0
oppo+reno,oppo官方旗舰店,679.0,3999.0,976.0
荣耀+v20,e酷手机网,678.0,1458.0,977.0
oppo+reno,oppo手机总代理,676.0,1299.0,979.0
华为+nova6,苏宁易购官方旗舰店,676.0,3199.0,978.0
华为+mate30pro,才发现永远太近,673.0,3084.91,980.0
华为+nova5,苏宁易购官方旗舰店,671.0,2599.0,981.0
纽曼+,纽曼亿流专卖店,670.0,78.0,982.0
魅族+16,苏宁易购官方旗舰店,662.0,2699.0,983.0
纽曼+,万诚春数码专营店,660.0,889.0,984.0
魅族+16x,绝对诚信qq464547963,659.0,838.0,985.0
oppo+k5,首佳誉数码专营店,657.0,1599.0,986.0
纽曼+,佳佳购数码专营店,654.0,889.0,988.0
apple+iphone8plus,本诚商城,654.0,1673.1,987.0
华为+畅享10plus,能良数码官方旗舰店,653.0,1199.0,989.0
oppo+a5,朵唯官方旗舰店,652.0,399.0,991.0
纽曼+,紫悦数码专营店,652.0,58.0,990.0
荣耀+10,wezebaba,651.0,1398.0,992.0
oppo+r17,首佳誉数码专营店,649.0,1399.0,993.0
apple+iphone8plus,farm红蜻蜓,647.0,2150.0,994.0
vivo+u1,chenghong301314,644.0,599.0,998.0
apple+iphonexsmax,新园通讯数码,644.0,3138.0,996.0
华为+mate20x,well_wisher,644.0,2008.0,996.0
apple+iphonexr,静房王树楷,641.0,3870.0,999.0
vivo+z5x,yy_sky_2008,640.0,1298.0,1000.0
华为+p30,乐哇数码专营店,639.0,6399.0,1001.0
荣耀+magic2,wezebaba,639.0,1577.0,1002.0
荣耀+v20,鸿威通讯,636.0,668.0,1003.0
荣耀+9x,深圳市酷优淘数码公司,635.0,888.0,1004.0
oppo+a9,oppo官方旗舰店,633.0,1599.0,1006.0
apple+iphonexr,伟你是问,633.0,2458.0,1005.0
荣耀+10,缤琪斯,631.0,1098.0,1007.0
纽曼+,纽曼手机旗舰店,631.0,58.0,1008.0
华为+p30,三际数码官方旗舰店,630.0,729.0,1009.0
apple+iphone11promax,苏宁易购官方旗舰店,626.0,9599.0,1010.0
vivo+iqoo,能良数码官方旗舰店,625.0,3398.0,1011.0
小米+小米9,深圳佳发通讯,624.0,5999.0,1012.0
努比亚+红魔3,69铺小a,621.0,1389.0,1013.0
小米+cc9,小米官方旗舰店,620.0,1699.0,1014.0
华为+p30,三际数码官方旗舰店,618.0,5799.0,1015.5
华为+p30,三际数码官方旗舰店,616.0,1799.0,1017.0
oppo+r17,oneplus商城,616.0,2299.0,1018.0
华为+畅享9plus,创汇通达数码旗舰店,611.0,1098.0,1019.0
荣耀+10,鸿威通讯,607.0,828.0,1020.0
黑鲨+,中国移动官方旗舰店,605.0,2299.0,1021.0
红米+note8,白开水的点燃方式,604.0,988.0,1022.0
oppo+reno,时器印象商城,603.0,1799.0,1023.0
荣耀+10,豪置数码专营店,601.0,1079.0,1024.0
三星+galaxya60,三际数码官方旗舰店,599.0,1289.0,1025.0
华为+mate30pro,鲁信数码科技公司,598.0,3179.0,1026.0
apple+iphonexr,虫马虫义数码专营店,595.0,4269.0,1029.0
华为+nova5pro,久汇数码专营店,595.0,2499.0,1027.0
荣耀+8x,chenghong301314,595.0,499.0,1028.0
小米+max3,广东电信亿品汇专卖店,594.0,999.0,1031.0
vivo+iqoo,vivo天诚专卖店,594.0,2898.0,1031.0
小米+小米9,一朵花的记忆,593.0,3398.0,1033.0
华为+p30,三际数码官方旗舰店,592.0,4999.0,1034.0
荣耀+8x,三际数码官方旗舰店,591.0,799.0,1035.0
华为+p30,久汇数码专营店,590.0,2099.0,1036.0
华为+p30,同步飞扬数码专营店,589.0,4099.0,1038.0
红米+note8,广东电信亿品汇专卖店,589.0,949.0,1037.0
华为+p30,成都长庚,588.0,2649.0,1039.0
apple+iphonexr,付爱萍1,587.0,2592.19,1040.0
oppo+r17pro,华中科技商城,586.0,1780.02,1041.0
华为+nova5pro,度伊特2009,583.0,1852.42,1042.0
oppo+reno,aixiaosihu,582.0,2999.0,1043.0
小米+小米9,能良数码官方旗舰店,581.0,3738.0,1044.0
魅族+16,深圳佳发通讯,577.0,3999.0,1045.0
apple+iphone11promax,whgdm11,576.0,7396.0,1046.0
apple+iphone8plus,韩潮风时尚服饰,574.0,1048.0,1047.0
荣耀+v20,君问数码官方旗舰店,573.0,1699.0,1048.5
vivo+iqoo,中国移动官方旗舰店,569.0,1198.0,1052.0
华为+p30,小淘器数码专营店,569.0,1799.0,1051.0
oppo+k5,oppo官方旗舰店,569.0,2499.0,1050.0
apple+iphonexsmax,柏鑫安防监控,568.0,2000.0,1053.0
红米+7a,三际数码官方旗舰店,566.0,469.0,1055.0
三星+galaxynote10,点点通讯2009,566.0,3838.0,1055.0
荣耀+v30,龙通店,565.0,2997.99,1058.0
华为+p30,广东电信亿品汇专卖店,565.0,4999.0,1057.0
vivo+z5x,yy_sky_2008,563.0,1298.0,1059.0
vivo+z5x,vivo衡视专卖店,563.0,799.0,1060.0
vivo+iqoo,苏宁易购官方旗舰店,562.0,2098.0,1062.0
apple+iphonex,时尚名媛品牌店,562.0,2228.0,1061.0
华为+畅享9plus,君问数码官方旗舰店,559.0,1099.0,1064.0
apple+iphone11,武汉电信旗舰,559.0,5299.0,1064.0
vivo+iqoo,vivo曼尼金专卖店,558.0,3498.0,1066.0
荣耀+v20,和来达数码专营店,555.0,1748.0,1067.0
华为+畅享8,久汇数码专营店,554.0,459.0,1068.0
美图+t9,亿科美数码专营店,553.0,2699.0,1069.5
魅族+16,苏宁易购官方旗舰店,551.0,2299.0,1071.0
红米+note8,玩风数码专营店,551.0,469.0,1072.0
oppo+r17,时器数码专营店,550.0,2999.0,1073.0
oppo+r17,oppo谦亨专卖,548.0,1799.0,1074.0
荣耀+8x,广东电信亿品汇专卖店,546.0,1099.0,1075.0
apple+iphonexsmax,庆合家居,546.0,1440.0,1076.0
vivo+iqoo,天骐骏通信商城,545.0,1910.7,1078.0
荣耀+v20,博盛景数码专营店,545.0,1799.0,1077.0
华为+畅享10plus,和来达数码专营店,542.0,1098.0,1079.0
apple+iphone11,光头先僧,539.0,3558.0,1080.0
荣耀+10,博盛景数码专营店,539.0,1678.0,1081.0
荣耀+v20,同迅数码专营店,537.0,2199.0,1084.0
荣耀+20pro,同迅数码专营店,537.0,1199.0,1082.0
apple+iphone7plus,zhoujinchun1124,537.0,1780.0,1083.0
荣耀+20,龙通店,536.0,999.0,1085.0
华为+p30,君问数码官方旗舰店,535.0,1099.0,1087.0
vivo+iqoo,能良数码官方旗舰店,535.0,2298.0,1086.0
华为+mate20pro,风一花雪月,533.0,1919.0,1089.0
荣耀+8x,划地球,533.0,899.0,1088.0
三星+galaxynote10,北京盛华威科技有限公司,532.0,4369.0,1090.0
美图+t9,美图专门店,532.0,968.0,1091.0
vivo+iqoo,vivo铁络专卖店,532.0,3498.0,1092.0
红米+k20pro,能良数码官方旗舰店,530.0,2799.0,1093.0
红米+note7pro,君胜数码专营店,530.0,1069.0,1094.0
荣耀+8x,柳峰阁,529.0,718.0,1096.0
一加+6t,友铭数码通讯,529.0,2087.99,1096.0
华为+mate20,手机_小秘,528.0,1967.99,1098.5
纽曼+,赫尔曼数码专营店,528.0,168.0,1100.0
华为+畅享9,中国移动官方旗舰店,527.0,468.0,1102.0
红米+note7pro,玩风数码专营店,527.0,1029.0,1101.0
华为+畅享9,久汇数码专营店,526.0,798.99,1103.0
荣耀+10,qq50992090,525.0,484.0,1105.0
小米+小米9,玩风数码专营店,525.0,899.0,1104.0
三星+galaxynote10,快乐家族_tb3,522.0,3818.0,1106.0
一加+7pro,一加创华威专卖店,522.0,4599.0,1107.0
华为+mate30pro,梅州铭鑫通讯,520.0,3399.0,1108.0
荣耀+20pro,wezebaba,520.0,1769.0,1110.0
vivo+iqoo,vivo衡视专卖店,520.0,2298.0,1110.0
华为+畅享9,小淘器数码专营店,519.0,1099.0,1112.0
小米+mix3,晨颖通讯,518.0,1099.0,1114.0
vivo+x27,博盛景数码专营店,518.0,1298.0,1113.0
oppo+k3,张瑜0809,517.0,1159.0,1116.0
oppo+r17pro,智宏新创数码专营店,517.0,2999.0,1117.0
vivo+iqoo,天骐骏通信商城,517.0,1839.42,1115.0
vivo+u1,深圳市唐讯科技,516.0,618.0,1118.0
荣耀+v30,博海宇通数码专营店,516.0,999.0,1119.0
华为+畅享9,中国移动官方旗舰店,516.0,868.0,1120.0
华为+nova5pro,绝对诚信qq464547963,514.0,1398.0,1121.0
华为+p30,久汇数码专营店,513.0,1498.0,1122.5
vivo+iqoo,vivo衡视专卖店,513.0,2898.0,1125.0
apple+iphonexr,nanncy8313256_2009,513.0,4268.0,1124.0
红米+note8,中国移动官方旗舰店,512.0,559.0,1127.0
华为+mate30pro,tb118754094,512.0,3095.9,1126.0
荣耀+8x,三际数码官方旗舰店,510.0,1099.0,1129.0
apple+iphonexsmax,mm多玛妮,510.0,3600.0,1128.0
红米+k20,三际数码官方旗舰店,509.0,999.0,1130.0
红米+k20pro,热图数码专营店,508.0,3569.0,1131.0
apple+iphonexsmax,博盛景数码专营店,506.0,5048.0,1132.0
联想+z5pro,华飞数码专营店,506.0,728.0,1133.0
努比亚+红魔3,创汇通达数码旗舰店,505.0,1699.0,1134.0
华为+畅享9plus,博海宇通数码专营店,504.0,1299.0,1135.0
华为+mate30pro,深港通信专卖,503.0,3428.0,1137.5
apple+iphonexr,最低最诚信,503.0,4208.0,1136.0
华为+mate20pro,为人民服务666,501.0,2119.0,1139.0
真我+真我q,苏宁易购官方旗舰店,499.0,998.0,1140.0
华为+mate30pro,黄大帅199,497.0,3061.86,1141.0
oppo+findx,时器数码专营店,497.0,699.0,1142.5
纽曼+,锦万数码专营,489.0,388.0,1145.0
红米+note7pro,chenghong301314,489.0,748.99,1145.0
荣耀+8x,中国移动官方旗舰店,488.0,1299.0,1147.0
荣耀+20,蓝港数码专营店,485.0,1499.0,1148.0
华为+p30,大唐回浦数码旗舰店,484.0,3388.0,1149.0
华为+p30,广东电信亿品汇专卖店,483.0,4999.0,1153.0
华为+nova5,国货平价网,483.0,1395.2,1152.5
华为+p30,为人民服务666,483.0,2879.0,1152.0
努比亚+红魔3,wezebaba,483.0,2128.0,1150.0
纽曼+,慕尚年华数码专营店,482.0,168.0,1155.0
apple+iphonex,民民服饰,479.0,3350.0,1156.0
华为+nova5pro,诚信实拍数码,475.0,1196.8,1157.0
荣耀+8x,中国移动官方旗舰店,473.0,599.0,1159.0
oppo+findx,oppo谦亨专卖,473.0,699.0,1158.0
小米+小米8,徐光赏,472.0,1139.0,1160.0
apple+iphonex,longkiss520,471.0,1866.0,1161.5
荣耀+20i,chenghong301314,471.0,923.0,1163.0
apple+iphone8plus,爱上一个少年,470.0,1389.0,1164.0
荣耀+10,广东宋仲基239860973,469.0,1138.0,1165.0
小米+小米8,年年盛商贸,469.0,1048.0,1166.0
华为+p30,能良数码官方旗舰店,465.0,5799.0,1167.0
华为+p30,能良数码官方旗舰店,464.0,2099.0,1168.0
apple+iphone11,钓鱼岛就是中国领土,463.0,3415.5,1169.5
小米+cc9,龙通店,461.0,2388.0,1171.0
华为+p30,晨星泰合数码专营店,460.0,1799.0,1173.0
vivo+x27,大眼睛数码正品商城,460.0,638.0,1174.0
华为+mate30pro,e酷手机网,460.0,3257.67,1172.0
红米+k20pro,友铭数码通讯,458.0,1288.0,1175.0
红米+k20,梅州铭鑫通讯,457.0,898.92,1176.0
华为+p30,赛西湖,457.0,1888.0,1177.0
三星+galaxys10+,王光耀2012,456.0,2338.0,1178.0
apple+iphone11promax,朗朗电玩,450.0,7880.0,1179.5
apple+iphone11,860803华晶,449.0,4860.0,1181.0
华为+mate20pro,云科数码店,449.0,1874.12,1182.0
oppo+k5,aixiaosihu,446.0,1799.0,1183.0
红米+k20pro,鸿威通讯,446.0,799.0,1184.0
红米+8a,chenghong301314,446.0,499.0,1185.0
华为+p30,晨星泰合数码专营店,445.0,1099.0,1186.0
红米+note8,诚亨通讯,445.0,849.0,1187.0
oppo+r17,oppo酷炫专卖店,444.0,1799.0,1188.0
荣耀+v20,中国移动官方旗舰店,443.0,1399.0,1189.0
小米+cc9,友铭数码通讯,437.0,1395.2,1190.0
华为+nova4,久汇数码专营店,436.0,1049.0,1191.0
apple+iphonexsmax,优一贸易,436.0,4600.0,1193.0
vivo+x27,京联通达数码旗舰店,436.0,1298.0,1192.0
oppo+r17,oppo蓝源专卖店,435.0,899.0,1194.0
红米+k20,三际数码官方旗舰店,435.0,3599.0,1195.0
红米+note8,君问数码官方旗舰店,435.0,1239.0,1196.0
华为+p30,能良数码官方旗舰店,434.0,3999.0,1198.0
红米+k20pro,君胜数码专营店,434.0,2269.0,1197.0
红米+note8,诚亨通讯,433.0,899.0,1200.0
apple+iphonexr,轻松换数码旗舰店,433.0,4327.0,1201.0
oppo+r17pro,聚宝康数码专营店,433.0,2999.0,1199.0
红米+7,苏宁易购官方旗舰店,432.0,699.0,1202.0
华为+nova5pro,中国移动官方旗舰店,431.0,1499.0,1203.0
华为+mate20x,深港通信专卖,429.0,3908.0,1208.0
华为+p30,久汇数码专营店,429.0,2699.0,1205.0
小米+小米8,晨颖通讯,429.0,1099.0,1207.0
荣耀+10,ben6780,429.0,988.0,1206.0
apple+iphone8plus,子轩_果果,429.0,2200.0,1204.0
三星+galaxynote10,三星官方旗舰店,426.0,6399.0,1210.0
apple+iphonex,vincent_sq,426.0,3250.0,1209.0
vivo+z5x,chenghong301314,424.0,1079.0,1211.0
红米+k20pro,三际数码官方旗舰店,423.0,2599.0,1212.0
apple+iphone8plus,iphone家族1,422.0,2000.0,1213.0
小米+小米9,龙龙发财688,421.0,1768.0,1214.0
华为+nova5,品牌机批发店,419.0,1317.99,1215.0
荣耀+v20,华飞数码专营店,417.0,1219.0,1216.0
oppo+k5,oppo品牌企业店,416.0,1599.0,1217.0
apple+iphonex,小疯婆子1994,415.0,3200.0,1218.0
apple+iphonexsmax,博盛景数码专营店,411.0,5999.0,1219.0
apple+iphone8plus,启泰数码,409.0,1588.0,1220.0
apple+iphone11,轻松换数码旗舰店,409.0,5088.0,1221.0
apple+iphone11,hanxunduke,408.0,4990.0,1222.0
努比亚+红魔3,沃晟智能设备专营店,406.0,1649.0,1223.0
oppo+r17,oppo素年商城,405.0,1799.0,1226.0
红米+note8,深圳市唐讯科技,405.0,898.0,1224.0
荣耀+20i,中国移动官方旗舰店,405.0,1599.0,1225.0
华为+p30,中国移动官方旗舰店,404.0,4999.0,1228.0
apple+iphone11promax,中国移动官方旗舰店,404.0,8968.0,1227.0
荣耀+10,鸿威通讯,404.0,1188.0,1229.0
华为+p30,华为莫问专卖店,403.0,4999.0,1230.0
vivo+z5x,博盛景数码专营店,402.0,799.0,1232.0
魅族+16,久汇数码专营店,402.0,1559.0,1231.0
小米+小米8,ryang275492354,401.0,999.0,1235.0
华为+p30,君问数码官方旗舰店,401.0,1559.0,1233.0
apple+iphone11promax,洋桃旗舰店,401.0,10899.0,1234.0
oppo+a5,oppo官方旗舰店,400.0,899.0,1237.0
apple+iphone8plus,华强科技1688,400.0,1838.0,1236.0
小米+小米9,君胜数码专营店,399.0,2359.0,1238.0
apple+iphone11promax,绿森数码官方旗舰店,396.0,9599.0,1239.0
apple+iphonexr,hanxunduke,395.0,4319.0,1240.0
华为+mate20,专注通讯数码小家,395.0,1000.0,1241.0
oppo+findx,智宏新创数码专营店,395.0,2199.0,1242.0
华为+p30,能良数码官方旗舰店,395.0,4299.0,1243.0
红米+k20,能良数码官方旗舰店,394.0,949.0,1245.0
华为+畅享9plus,博海宇通数码专营店,394.0,819.0,1244.0
华为+p30,广东电信亿品汇专卖店,393.0,3388.0,1246.0
apple+iphonexr,cjnlmn,392.0,2780.0,1247.0
红米+note8,卓瓦数码专营店,390.0,949.0,1252.0
vivo+z5x,yy_sky_2008,390.0,1398.0,1248.0
荣耀+v30,苏宁易购官方旗舰店,390.0,3299.0,1251.0
华为+nova4,久汇数码专营店,390.0,899.0,1249.5
华为+p30,久汇数码专营店,389.0,1999.0,1254.0
华为+mate30pro,久汇数码专营店,389.0,1549.0,1254.0
真我+x,苏宁易购官方旗舰店,387.0,2599.0,1256.0
华为+nova5,京合旗舰店,385.0,899.0,1259.0
红米+note8,梅州铭鑫通讯,385.0,740.52,1257.5
华为+mate30pro,云科数码店,384.0,3074.92,1262.0
飞利浦+e517,京联通达数码旗舰店,384.0,239.0,1261.0
华为+mate30pro,手机_小秘,384.0,1298.99,1260.0
vivo+x27,唔空摄影,383.0,1388.0,1263.0
华为+nova5pro,手机_小秘,382.0,197.99,1264.0
红米+note8,三际数码官方旗舰店,382.0,1399.0,1265.0
华为+p30,创汇通达数码旗舰店,381.0,6399.0,1266.0
oppo+a9,智宏新创数码专营店,381.0,1299.0,1268.0
三星+galaxynote10,苏宁易购官方旗舰店,381.0,7999.0,1267.0
华为+p30,为人民服务668,378.0,2869.0,1269.0
vivo+z5x,全球数码通信商城,376.0,1088.01,1270.0
华为+mate30pro,yatou81118,376.0,12508.0,1271.0
小米+cc9,诚亨通讯,375.0,899.0,1272.0
华为+nova5,绝对诚信qq464547963,374.0,1298.0,1273.0
华为+p30,蓝港数码专营店,374.0,3999.0,1275.0
vivo+x27,中国移动官方旗舰店,374.0,799.0,1276.0
红米+note8,热图数码专营店,374.0,2689.0,1274.0
华为+p30,沙丁数码专营店,373.0,1098.0,1277.0
荣耀+10,天逸数码1688,372.0,908.0,1279.5
小米+小米8,玩风数码专营店,372.0,1349.0,1278.0
魅族+16x,乐畔乐购旗舰店,368.0,849.0,1281.0
vivo+x27,君问数码官方旗舰店,367.0,1298.0,1282.0
华为+p30,同迅数码专营店,367.0,1599.0,1283.5
华为+畅享9,oksj数码旗舰店,366.0,799.0,1287.0
apple+iphonex,恒信数码1688,366.0,1980.0,1285.0
vivo+iqoo,博盛景数码专营店,366.0,3498.0,1286.0
华为+p30,蓝港数码专营店,366.0,6399.0,1288.0
红米+k20pro,三际数码官方旗舰店,365.0,1599.0,1290.0
apple+iphonexsmax,古龙圣宝,365.0,5488.0,1289.0
小米+mix3,岸越数码专营店,364.0,1269.0,1291.0
vivo+iqoo,茂鹏数码专营店,364.0,1998.0,1292.0
oppo+r17,香格国际,362.0,889.0,1293.0
apple+iphone8plus,wywy12332122,361.0,2080.0,1294.0
小米+mix3,创汇通达数码旗舰店,361.0,2399.0,1295.0
荣耀+v30,中宽通讯行,360.0,3107.68,1296.0
小米+mix3,徐光赏,359.0,1199.0,1297.0
apple+iphonexsmax,法萨库,359.0,3550.0,1298.0
oppo+k5,oppo正品商城,358.0,1799.0,1299.0
oppo+a5,一米阳光通讯城,358.0,342.0,1300.0
荣耀+10,旺盈数码城,357.0,800.0,1301.0
oppo+r17,oppo酷炫专卖店,356.0,2999.0,1304.0
荣耀+v20,ben6780,356.0,1288.0,1302.0
荣耀+20i,wezebaba,356.0,848.0,1303.0
华为+畅享8,晋商数码专营店,354.0,418.0,1305.0
红米+note8,连盛数码专营店,354.0,1219.0,1306.0
红米+note8,三际数码官方旗舰店,353.0,799.0,1307.0
华为+mate20x,为人民服务668,353.0,2949.0,1308.0
apple+iphone11promax,三际数码官方旗舰店,351.0,8858.0,1309.0
apple+iphonexsmax,nanncy8313256_2009,351.0,5328.0,1310.0
vivo+iqoo,华中科技商城,350.0,1839.42,1311.0
vivo+z5x,深圳市唐讯科技,349.0,828.0,1313.0
apple+iphonexsmax,hanxunduke,349.0,5659.0,1313.0
apple+iphone11promax,wilsonyi,348.0,7190.0,1316.0
美图+t9,美颜神器数码,348.0,781.11,1317.0
华为+畅享9plus,品牌机批发店,348.0,498.0,1315.0
荣耀+20i,龙通店,346.0,788.0,1318.0
荣耀+9i,zhengminling1990,344.0,778.0,1320.0
lg+v40,深圳龙讯数码,344.0,950.0,1319.0
努比亚+红魔3,创汇通达数码旗舰店,343.0,1699.0,1321.0
红米+7,三际数码官方旗舰店,342.0,679.0,1322.0
oppo+k3,wallter_yuan,341.0,895.0,1323.0
尼凯恩+en3,网能恒业数码专营店,340.0,69.0,1324.0
华为+mate30pro,手机_小秘,340.0,3447.99,1325.0
小米+cc9,创汇通达数码旗舰店,340.0,999.0,1326.0
小米+小米9,岸越数码专营店,340.0,1249.0,1327.0
华为+mate30pro,京成数码商贸,337.0,4556.0,1329.0
红米+7,中国移动官方旗舰店,337.0,559.0,1330.0
oppo+r17,凌达数码科技有限公司,337.0,1578.0,1328.0
oppo+r17,佳惠兴通数码专营店,336.0,2999.0,1332.0
红米+note8,君胜数码专营店,336.0,1249.0,1333.0
华为+p30,博盛景数码专营店,336.0,1799.0,1331.0
荣耀+10,国泰数码行,335.0,768.0,1335.0
小米+mix3,晨颖通讯,335.0,1489.0,1334.0
华为+p30,京合旗舰店,334.0,3388.0,1336.0
apple+iphone11,tangchaoshan1006,333.0,3398.0,1337.0
apple+iphonexsmax,卓瓦数码专营店,333.0,5888.0,1338.0
vivo+z3,vivo官方旗舰店,332.0,1198.0,1340.0
apple+iphonex,亿信998,332.0,3200.0,1339.0
apple+iphone11,洋桃旗舰店,331.0,9999.0,1342.0
apple+iphone11,能良数码官方旗舰店,331.0,5250.0,1341.0
华为+nova5,卓瓦数码专营店,330.0,775.0,1343.5
荣耀+9i,t5t66,329.0,785.0,1345.0
三星+galaxynote10,三星官方旗舰店,327.0,7999.0,1347.0
华为+mate30pro,成都长庚,327.0,3269.0,1349.0
荣耀+v20,友铭数码通讯,327.0,1258.0,1347.0
apple+iphonexr,szhgc888888,324.0,3660.0,1352.0
锤子+坚果r1,潮流mwp,324.0,1530.31,1351.0
华为+nova4,赛西湖,324.0,1086.91,1350.0
小米+小米9,气樽数码专营店,323.0,2299.0,1353.5
华为+nova6,龙通店,322.0,1968.0,1357.0
荣耀+20i,蓝港数码专营店,322.0,1099.0,1356.0
红米+note7pro,能良数码官方旗舰店,322.0,539.0,1355.0
vivo+x27,vivo官方旗舰店,321.0,1698.0,1358.0
红米+note8,桃花数码,320.0,929.0,1359.0
华为+mate20x,才发现永远太近,320.0,1886.11,1360.0
oppo+r17pro,三际数码官方旗舰店,319.0,2299.0,1361.0
荣耀+10,严穆涵,318.0,810.0,1362.0
华为+mate20,乐哇数码专营店,317.0,2099.0,1363.0
努比亚+红魔3,69铺小a,317.0,1389.0,1364.0
vivo+iqoo,yy_sky_2008,315.0,3198.0,1365.0
联想+z5,北京的老爷们,314.0,715.0,1366.0
魅族+x8,白开水的点燃方式,312.0,849.0,1368.0
荣耀+10,苏宁易购官方旗舰店,312.0,1099.0,1367.0
vivo+z5x,天骐骏通信商城,310.0,1088.01,1372.0
apple+iphone7plus,fashioncases2,310.0,1680.0,1371.0
小米+小米9,魅立数码专营店,310.0,3599.0,1369.5
荣耀+v20,卓瓦数码专营店,309.0,539.0,1373.0
努比亚+红魔,小西宝2017,309.0,649.0,1374.0
荣耀+8x,博海宇通数码专营店,308.0,599.0,1375.0
apple+iphone8plus,李小麦的店,307.0,3198.0,1376.0
荣耀+20pro,wezebaba,304.0,858.0,1377.0
vivo+u1,有话好说liu,303.0,708.0,1378.0
红米+note7pro,三际数码官方旗舰店,303.0,499.0,1379.0
魅族+16,阿凡提商城,302.0,1978.0,1380.0
华为+p30,能良数码官方旗舰店,301.0,5799.0,1382.0
红米+7,创汇通达数码旗舰店,301.0,1299.0,1383.0
荣耀+10,tb2757684_2013,301.0,828.0,1381.0
华为+p30,乐哇数码专营店,301.0,4488.0,1384.0
荣耀+8x,柳峰阁,300.0,468.0,1385.0
apple+iphone11,武汉电信旗舰,299.0,5059.0,1386.0
vivo+iqoo,wallter_yuan,298.0,1065.0,1387.0
红米+k20pro,能良数码官方旗舰店,295.0,1599.0,1388.0
魅族+16x,阿凡提商城,294.0,988.0,1391.0
apple+iphonexsmax,数码科技1628_1628,294.0,3168.0,1389.5
vivo+iqoo,天骐骏通信商城,293.0,1275.11,1394.0
美图+t9,儸儸儸洪,293.0,500.0,1392.0
华为+p30,网易租租赁,293.0,30.0,1393.0
apple+iphone11promax,angel111999,292.0,6380.0,1395.0
apple+iphonexr,亦儿手机店,292.0,3400.0,1396.0
apple+iphone11promax,eason98765,291.0,4645.35,1399.0
apple+iphone8plus,如家米店,291.0,2018.0,1398.0
红米+k20pro,三际数码官方旗舰店,291.0,2599.0,1397.0
apple+iphonexsmax,ttcios,291.0,2820.0,1400.0
oppo+r17pro,能良数码官方旗舰店,290.0,2999.0,1401.0
荣耀+8x,缤琪斯,290.0,608.0,1402.0
美图+t9,秉合影音专营店,289.0,999.0,1403.0
apple+iphone8plus,创皂美丽时代创美,288.0,2100.0,1404.0
红米+note7pro,划地球,287.0,680.0,1405.0
三星+galaxys10,三星官方旗舰店,286.0,4999.0,1406.0
努比亚+红魔3,wezebaba,285.0,1408.0,1408.5
华为+畅享10plus,chenghong301314,285.0,1033.0,1407.0
apple+iphone6,潮牌一线女装,284.0,940.0,1410.0
oppo+reno,yy_sky_2008,283.0,3104.0,1411.0
oppo+reno,苏宁易购官方旗舰店,281.0,3599.0,1412.0
红米+note8,有话好说liu,281.0,857.99,1413.0
美图+t9,美颜神器数码,280.0,781.11,1414.0
华为+mate20x,久汇数码专营店,278.0,3168.0,1416.0
小米+mix2s,徐光赏,278.0,1099.0,1415.0
vivo+iqoo,vivo智轩优品专卖店,277.0,1998.0,1417.0
小米+cc9,69铺小a,276.0,2368.0,1418.0
华为+mate20x,魅立数码专营店,275.0,2499.0,1420.0
apple+iphonexr,wywy12332122,275.0,3500.0,1419.0
红米+7a,中国移动官方旗舰店,271.0,489.0,1421.0
一加+7,中宽通讯行,270.0,1817.81,1422.0
红米+note8,桃花数码,270.0,929.0,1423.0
荣耀+8x,度伊特2009,269.0,785.63,1424.0
华为+nova5pro,京合旗舰店,268.0,1499.0,1425.0
oppo+a5,认证优质商家,267.0,440.3,1426.0
华为+p30,oksj数码旗舰店,267.0,3388.0,1427.0
红米+7a,一朵花的记忆,265.0,628.0,1428.0
apple+iphone8plus,情侣专批网,263.0,1386.0,1429.0
apple+iphonexr,爱富商城,262.0,3450.0,1431.0
小米+小米8,ryang275492354,262.0,1179.0,1433.0
红米+7a,深圳通讯数码有限公司,262.0,199.0,1432.0
apple+iphonex,潮流3号线,262.0,2290.0,1430.0
apple+iphonexsmax,数码科技1628_1628,260.0,3168.0,1434.0
apple+iphone11,zhanchao14214353,259.0,3522.42,1435.0
红米+k20,玩风数码专营店,259.0,449.0,1437.0
oppo+r17,汇美优科技,259.0,1098.0,1437.0
oppo+reno,oppo官方旗舰店,259.0,3399.0,1439.0
apple+iphone11,大唐回浦数码旗舰店,258.0,5288.0,1440.0
红米+k20,中创青云数码专营店,257.0,949.0,1441.0
荣耀+v20,飞鸿数码旗舰店,256.0,2699.0,1442.0
华为+p30,三际数码官方旗舰店,256.0,1599.0,1443.0
vivo+iqoo,三际数码官方旗舰店,255.0,999.0,1444.0
荣耀+10,御猫科技88,254.0,1030.0,1445.0
华为+p30,蓝港数码专营店,253.0,4999.0,1447.0
荣耀+v20,oksj数码旗舰店,253.0,1759.0,1446.0
apple+iphonexsmax,jinshu168,253.0,3400.0,1448.0
apple+iphone8plus,雅岛服饰,251.0,1048.0,1452.0
vivo+iqoo,skhh811000,251.0,1228.0,1451.0
华为+nova5pro,广东电信亿品汇专卖店,251.0,1479.0,1450.0
纽曼+,乐恒创数码专营店,251.0,58.0,1449.0
华为+p30,中国移动官方旗舰店,250.0,4999.0,1454.0
apple+iphone8,jiali通讯,250.0,2499.0,1453.0
vivo+iqoo,vivo官方旗舰店,248.0,3698.0,1455.5
apple+iphonex,皇后范儿啦,247.0,3580.0,1458.0
锤子+坚果r1,金万吉数码专营店,247.0,2399.0,1457.0
华为+nova5pro,kitty810720,246.0,998.9,1459.0
apple+iphone8plus,亚克西么8,246.0,1588.0,1461.0
apple+iphone11promax,启泰数码,246.0,4688.0,1460.0
华为+畅享9,中国移动官方旗舰店,245.0,468.0,1462.0
apple+iphonexr,博匠数码,244.0,3611.52,1464.0
三星+galaxys10,环慧数码,244.0,2308.0,1463.0
vivo+u1,wallter_yuan,243.0,665.0,1465.5
荣耀+8x,千瑞宏达手机专营店,243.0,848.0,1468.0
apple+iphone8plus,东东妈555,243.0,1850.0,1467.0
vivo+z5x,yy_sky_2008,242.0,1398.0,1471.0
荣耀+10,有话好说liu,242.0,538.0,1470.0
vivo+z5x,vivo衡视专卖店,242.0,799.0,1469.0
apple+iphone8plus,德隆数码商贸,240.0,1350.0,1474.0
红米+7a,优爱特手机专营店,240.0,468.0,1473.0
apple+iphone8plus,淘冠军2014,240.0,1100.0,1472.0
华为+mate20,京成数码商贸,239.0,1888.0,1476.0
华为+p30,赛西湖,239.0,1886.11,1477.0
华为+p30,大唐回浦数码旗舰店,239.0,6399.0,1475.0
apple+iphone8plus,吉祥如意88866688,237.0,2000.0,1479.0
红米+note8,三际数码官方旗舰店,237.0,1899.0,1480.0
apple+iphonex,sdegjo乐,237.0,1975.0,1478.0
apple+iphonexsmax,wy1689999,236.0,3188.0,1482.0
华为+mate20,乐哇数码专营店,236.0,2049.0,1481.0
华为+p30,创汇通达数码旗舰店,235.0,3999.0,1483.0
荣耀+v30,荣耀官方旗舰店,233.0,3299.0,1484.0
红米+k20pro,热图数码专营店,233.0,1319.0,1485.0
apple+iphonex,晨曦爱森林浴,232.0,2170.0,1486.0
荣耀+v20,久汇数码专营店,232.0,1429.0,1487.0
华为+p30,三际数码官方旗舰店,230.0,2499.0,1488.0
apple+iphone11promax,达诚数码商城,229.0,3354.12,1489.0
荣耀+20i,中国移动官方旗舰店,228.0,1999.0,1490.0
小米+小米9,久汇数码专营店,227.0,949.0,1491.0
apple+iphone11promax,hdjkgll,227.0,7860.0,1492.0
华为+mate30pro,品牌机批发店,226.0,3447.99,1493.0
红米+note7pro,气樽数码专营店,225.0,998.0,1494.0
荣耀+9x,zhaoyongbo94521,224.0,788.0,1495.0
美图+t9,宜必宜,224.0,691.02,1497.0
三星+galaxynote10,samsung佳酷专卖店,224.0,7999.0,1496.0
荣耀+8x,中古电讯,223.0,799.0,1498.0
华为+p30,乐哇数码专营店,223.0,3388.0,1499.0
荣耀+v20,卓瓦数码专营店,222.0,1499.0,1500.5
尼凯恩+,尼凯恩旗舰店,220.0,168.0,1502.0
真我+x,realme官方旗舰店,219.0,999.0,1504.0
小米+小米9,三际数码官方旗舰店,219.0,3699.0,1503.0
努比亚+红魔3,创汇通达数码旗舰店,219.0,1699.0,1505.0
小米+cc9,一朵花的记忆,218.0,2498.0,1508.0
apple+iphone8plus,ttlg1999,218.0,1040.0,1507.0
oppo+a5,认证优质商家,218.0,430.56,1506.0
锤子+坚果pro3,诚信实拍数码,217.0,1770.12,1509.0
apple+iphone8plus,有佳服装店,216.0,2040.0,1511.0
小米+mix2s,徐光赏,216.0,899.0,1510.0
荣耀+8x,郑四少的当铺,215.0,768.0,1513.0
华为+p30,京联通达数码旗舰店,215.0,899.0,1512.0
荣耀+20pro,品牌机批发店,212.0,847.99,1515.0
荣耀+v20,久汇数码专营店,212.0,1149.0,1514.0
apple+iphone6,杰斯锐永顺达,211.0,900.0,1517.0
荣耀+v20,一朵花的记忆,211.0,1068.0,1516.0
apple+iphonexr,尤里xx,210.0,4250.0,1518.0
apple+iphonexsmax,鱼得水_168,209.0,3129.22,1519.0
oppo+r17,oppo品牌企业店,207.0,699.0,1520.0
apple+iphonex,只有赚1块钱,206.0,1998.0,1521.0
apple+iphone8plus,小美w,205.0,1048.0,1522.0
纽曼+,深圳海创利华数码专营店,204.0,388.0,1523.0
小米+max3,魅立数码专营店,203.0,959.0,1524.0
vivo+iqoo,cnange1201,202.0,1888.0,1526.0
oppo+reno,oppo素年商城,202.0,2999.0,1525.0
华为+p30,zxf13526638734,201.0,1916.08,1527.0
apple+iphone6,zhanghaiyong868,200.0,750.0,1528.0
小米+小米9se,ryang275492354,199.0,999.0,1531.0
荣耀+8x,久汇数码专营店,199.0,899.0,1529.0
oppo+r17,能良数码官方旗舰店,199.0,1799.0,1530.0
荣耀+v20,宏利达手机通讯,198.0,939.0,1532.0
荣耀+10,zhang2337113,197.0,900.0,1534.0
华为+畅享10plus,同迅数码专营店,197.0,1399.0,1538.0
apple+iphone8plus,che0923,197.0,1998.0,1535.0
apple+iphone11promax,数码科技1628_1628,197.0,3468.8,1533.0
小米+小米9,白开水的点燃方式,197.0,2558.0,1536.5
小米+cc9,君问数码官方旗舰店,196.0,1399.0,1539.0
apple+iphone6,tb541615054,195.0,1039.6,1541.0
华为+p30,小淘器数码专营店,195.0,1499.0,1540.0
红米+note8,卓瓦数码专营店,194.0,464.0,1542.0
荣耀+8x,wezebaba,192.0,369.0,1544.0
一加+7pro,一加创华威专卖店,192.0,5299.0,1543.0
oppo+r17,oppo官方旗舰店,191.0,2499.0,1547.0
荣耀+v20,友铭数码通讯,191.0,1488.0,1546.0
apple+iphone7plus,搜酷数码专营店,191.0,2799.0,1545.0
红米+note7pro,白开水的点燃方式,190.0,1099.0,1548.0
oppo+a5,广宇数码城,190.0,458.0,1549.0
华为+mate20,云科数码店,189.0,1597.4,1552.0
飞利浦+e517,苏宁易购官方旗舰店,189.0,279.0,1550.5
红米+note8,君问数码官方旗舰店,188.0,999.0,1553.0
vivo+x27,vivo航鹰专卖店,187.0,3298.0,1555.0
vivo+x27pro,恒盛纪元数码专营店,187.0,2498.0,1557.0
华为+p30,广东电信亿品汇专卖店,187.0,1799.0,1554.0
魅族+16,白开水的点燃方式,187.0,1999.0,1556.0
荣耀+20,连盛数码专营店,186.0,1649.0,1558.0
apple+iphone8plus,博匠数码,186.0,2126.52,1560.0
荣耀+20pro,一朵花的记忆,186.0,1678.0,1559.0
荣耀+v20,龙胜数码城888,185.0,1288.0,1564.0
apple+iphone7plus,90后梦想店铺,185.0,1880.0,1563.0
华为+mate30pro,yqc18,185.0,3390.9,1562.0
华为+畅享9,启能数码专营店,185.0,549.0,1566.0
apple+iphone11promax,利显科技,185.0,3458.58,1565.0
华为+p30,广东电信亿品汇专卖店,185.0,3199.0,1561.0
vivo+iqoo,vivo智轩优品专卖店,183.0,3498.0,1570.0
vivo+x27,vivo官方旗舰店,183.0,1998.0,1569.0
oppo+r17,大眼睛数码正品商城,183.0,845.0,1567.5
荣耀+8x,晋商数码专营店,182.0,1049.0,1571.0
小米+cc9,小米官方旗舰店,181.0,1999.0,1576.0
锤子+坚果pro2s,深圳市酷优淘数码公司,181.0,1788.0,1573.5
小米+cc9,小米官方旗舰店,181.0,2599.0,1572.0
华为+nova6,深港通信专卖,181.0,1977.8,1575.0
华为+畅享9plus,启能数码专营店,180.0,469.0,1578.0
荣耀+10,e酷手机网,180.0,1197.88,1578.0
荣耀+10,东胜科技商城,179.0,1048.0,1582.0
apple+iphone8plus,店主有故事,179.0,2038.0,1581.0
华为+mate30pro,手机_小秘,179.0,3447.99,1580.0
红米+7a,有话好说liu,178.0,468.0,1583.0
华为+p30,深圳佳发通讯,177.0,6999.0,1584.0
荣耀+v30,苏宁易购官方旗舰店,176.0,4199.0,1589.0
华为+mate30pro,春江哥,176.0,3247.92,1585.0
荣耀+10,苏宁易购官方旗舰店,176.0,1099.0,1586.0
荣耀+v20,sunhonpe,176.0,1589.0,1588.5
华为+畅享9,美图专门店,176.0,1038.0,1588.0
vivo+x27pro,缘落花开0102,175.0,1598.0,1593.0
荣耀+8x,博海宇通数码专营店,175.0,899.0,1591.0
apple+iphone8plus,婴童用品商店,175.0,1588.0,1592.0
红米+k20pro,龙龙发财688,174.0,1278.0,1597.0
vivo+x27,能良数码官方旗舰店,174.0,2698.0,1596.0
红米+note8,能良数码官方旗舰店,174.0,1449.0,1596.0
vivo+iqoo,vivo官方旗舰店,174.0,2698.0,1595.0
华为+nova4,南南jd,173.0,1318.0,1599.0
apple+iphone8plus,电子世界show,173.0,2130.0,1600.0
锤子+坚果r1,小城大爱a,172.0,1779.06,1602.0
荣耀+v30,创汇通达数码旗舰店,172.0,2099.0,1601.0
apple+iphonexr,宏伟信用,172.0,2325.0,1603.0
华为+mate30pro,wezebaba,171.0,3278.0,1604.0
三星+galaxynote10,肥鹏展翅,171.0,3878.0,1605.0
荣耀+v30,博盛景数码专营店,170.0,3899.0,1606.0
apple+iphonexr,付爱萍1,169.0,2592.19,1609.0
纽曼+,纽曼易为理想专卖店,169.0,119.0,1608.0
华为+p30,华为莫问专卖店,169.0,3199.0,1607.0
荣耀+v30,绝对诚信qq464547963,168.0,1628.0,1610.5
apple+iphonexsmax,judy卓提,167.0,1450.0,1613.0
红米+note8,春江哥,167.0,897.92,1615.0
魅族+16x,白开水的点燃方式,167.0,988.0,1612.0
荣耀+v20,卓瓦数码专营店,167.0,1699.0,1614.0
三星+galaxynote10,中国酷数码,166.0,3908.0,1616.0
红米+note8,同迅数码专营店,165.0,988.0,1617.0
oppo+r17,三际数码官方旗舰店,164.0,1299.0,1619.0
尼凯恩+,尼凯恩旗舰店,164.0,89.0,1619.0
华为+nova6,heatlinda,163.0,1978.0,1621.0
华为+nova4,成都长庚,163.0,1049.0,1622.0
华为+p30,京合旗舰店,162.0,6399.0,1623.0
vivo+iqoo,vivo航鹰专卖店,162.0,1998.0,1626.0
apple+iphone8plus,猩猩大晒,162.0,1903.0,1624.0
华为+nova5,yeabay,162.0,1598.0,1626.0
红米+note8,绝对诚信qq464547963,161.0,897.99,1628.0
vivo+x27,vivo衡视专卖店,161.0,4998.0,1630.0
红米+k20pro,热图数码专营店,161.0,2299.0,1631.0
红米+7a,划地球,161.0,510.0,1629.0
apple+iphone11,绿森数码官方旗舰店,160.0,8699.0,1632.0
apple+iphonexsmax,博盛景数码专营店,160.0,8758.0,1634.0
vivo+s1pro,张瑜0809,160.0,1048.0,1633.0
华为+p30,京联通达数码旗舰店,159.0,3199.0,1636.0
荣耀+v20,oksj数码旗舰店,159.0,999.0,1635.0
华为+p30,同步飞扬数码专营店,158.0,3199.0,1637.0
apple+iphone7plus,xiepeisheng731,157.0,1550.0,1640.0
oppo+k3,张瑜0809,157.0,1165.0,1638.0
apple+iphonexs,中英文具office,157.0,2100.0,1639.0
红米+k20pro,魅立数码专营店,155.0,2399.0,1642.0
oppo+a5,tb046387630,155.0,330.0,1641.0
oppo+a5,苏宁易购官方旗舰店,154.0,1799.0,1643.5
oppo+r17pro,唔空摄影,154.0,1348.0,1645.0
荣耀+v30,连盛数码专营店,153.0,3299.0,1646.0
apple+iphone8plus,josie哟,153.0,1888.0,1647.0
oppo+a5,缘落花开0102,152.0,880.0,1648.0
vivo+z5x,深圳市唐讯科技,151.0,948.0,1651.0
vivo+x27,vivo航鹰专卖店,151.0,2698.0,1650.0
华为+畅享9,鑫诚数码8,151.0,528.0,1649.0
华为+p30,sheshe_001,150.0,1998.0,1653.0
红米+k20pro,徐光赏,150.0,1299.0,1652.0
纽曼+m560,深圳易乐购数码专营店,149.0,98.0,1656.0
华为+mate20,tb80281453885,149.0,1908.0,1655.0
红米+k20pro,三际数码官方旗舰店,149.0,1199.0,1657.0
vivo+iqoo,翼天下天翼电信旗舰店,149.0,1398.0,1654.0
华为+畅享9,久汇数码专营店,148.0,649.0,1658.0
荣耀+8x,柳峰阁,148.0,757.25,1659.0
华为+p30,能良数码官方旗舰店,147.0,2599.0,1661.0
apple+iphone7plus,无敌数码通讯08,147.0,1580.0,1663.0
纽曼+,深圳易乐购数码专营店,147.0,248.0,1662.5
apple+iphonex,redyaod,146.0,3480.0,1666.0
vivo+x27,vivo欧曙专卖店,146.0,999.0,1665.0
华为+p30,沙丁数码专营店,146.0,1499.0,1667.0
apple+iphone8plus,520方晓勇,145.0,2380.0,1668.0
小米+cc9,白开水的点燃方式,145.0,1018.0,1669.0
纽曼+,乐淘猫数码专营店,144.0,488.0,1672.0
apple+iphone11,联合众志1,144.0,4250.0,1670.0
华为+nova6,白开水的点燃方式,144.0,1998.0,1671.0
oppo+a9,yy_sky_2008,143.0,1504.0,1676.0
红米+7,诚亨通讯,143.0,498.99,1673.0
荣耀+v20,wezebaba,143.0,2998.0,1675.0
vivo+iqoo,君问数码官方旗舰店,143.0,1398.0,1674.0
vivo+x27,能良数码官方旗舰店,142.0,999.0,1677.0
华为+p30,乐嘟嘟宝贝_2015,141.0,1469.0,1680.0
红米+note7pro,桃花数码,141.0,919.0,1679.0
vivo+z3x,大眼睛数码正品商城,141.0,665.0,1678.0
apple+iphone11,中国移动官方旗舰店,140.0,8258.0,1681.0
黑鲨+,玄子127,140.0,999.0,1682.5
红米+note8,同迅数码专营店,140.0,1199.0,1684.0
oppo+r17pro,oppo酷炫专卖店,139.0,2999.0,1685.0
红米+k20pro,年年盛商贸,138.0,2299.0,1686.0
三星+galaxynote10,三际数码官方旗舰店,138.0,7999.0,1687.0
荣耀+10,中宽通讯行,136.0,1167.88,1688.0
华为+p30,卓瓦数码专营店,136.0,3999.0,1689.0
荣耀+9i,yi434818149,135.0,599.0,1690.0
荣耀+10,炫酷数码通讯,135.0,658.0,1691.0
vivo+iqoo,治辰腾远,135.0,2688.0,1692.0
vivo+z5x,秋天的石头6688,134.0,895.0,1693.0
vivo+u1,有话好说liu,134.0,598.0,1694.0
vivo+x27,苏宁易购官方旗舰店,133.0,3998.0,1696.0
华为+畅享9,小淘器数码专营店,133.0,899.0,1698.0
apple+iphone8plus,方永锐,133.0,2050.0,1697.0
荣耀+9x,小城大爱a,133.0,888.0,1695.0
红米+note7pro,白开水的点燃方式,132.0,758.0,1700.0
华为+mate30pro,sunhonpe,132.0,3599.0,1700.0
荣耀+v30,深圳一航,131.0,2999.0,1703.0
华为+畅享10plus,南南jd,131.0,869.0,1702.0
纽曼+,纽曼深圳专卖店,131.0,148.0,1704.0
apple+iphone11,京合旗舰店,130.0,5199.0,1706.0
华为+p30,旭远数码专营店,130.0,2499.0,1705.0
apple+iphonex,小小志惠树,130.0,2150.0,1709.0
荣耀+8x,三际数码官方旗舰店,130.0,999.0,1707.0
荣耀+v20,三际数码官方旗舰店,130.0,3899.0,1708.0
oppo+r17pro,诚信数码0791,129.0,1988.0,1714.0
apple+iphone11promax,格格乌托邦,129.0,5018.0,1712.0
apple+iphonex,sdegjo乐,129.0,2600.0,1711.5
华为+畅享9,tb29804306,129.0,450.0,1715.0
小米+小米8,品牌机批发店,129.0,1698.0,1711.0
华为+mate20x,中宽通讯行,128.0,1817.81,1716.0
纽曼+,和瀛数码专营店,128.0,188.0,1719.0
apple+iphone11,手机_小秘,128.0,4797.99,1717.0
apple+iphone7plus,卓瓦数码专营店,128.0,2758.0,1718.0
oppo+a5,灼眼d夏娜,127.0,1799.0,1720.0
华为+nova5,久汇数码专营店,127.0,1799.0,1721.0
华为+p30,中国移动手机官方旗舰店,126.0,6899.0,1723.0
华为+nova5pro,博远通讯88,126.0,1958.0,1722.0
荣耀+8x,深圳市唐讯科技,126.0,699.0,1724.0
红米+k20pro,连盛数码专营店,126.0,1599.0,1725.0
apple+iphone6,品优科技8886,125.0,1030.0,1727.0
apple+iphonexsmax,土豆1号33,125.0,3360.0,1729.0
apple+iphone11,zbblss517913880,125.0,5128.0,1728.0
联想+z5pro,小城大爱a,125.0,798.0,1726.0
小米+cc9,广东电信亿品汇专卖店,124.0,2599.0,1730.0
oppo+a5,智能时代通讯7,124.0,345.0,1731.0
oppo+a5,优秀服务商店,124.0,338.0,1734.0
华为+nova5pro,同达丰数码旗舰店,124.0,3199.0,1737.0
锤子+坚果pro2s,潮流mwp,124.0,1779.06,1736.0
华为+p30,划地球,124.0,1400.0,1732.5
小米+小米9,龙龙发财688,124.0,1768.0,1735.0
vivo+x27,苏宁易购官方旗舰店,123.0,2698.0,1740.5
荣耀+v30,荣耀官方旗舰店,123.0,3299.0,1738.0
apple+iphone8plus,hanxunduke,123.0,4009.0,1742.0
华为+nova5,手机_小秘,123.0,1428.0,1743.0
apple+iphone11,哈尔滨交易,123.0,5080.0,1739.0
apple+iphonex,hongkong1658,122.0,2880.0,1744.0
尼凯恩+,利欧数码专营店,122.0,69.0,1746.0
荣耀+9i,tvbtvbtvb1212,122.0,563.0,1745.0
apple+iphone7plus,虫马虫义数码专营店,121.0,2799.0,1749.0
华为+nova5pro,三际数码官方旗舰店,121.0,818.0,1750.0
oppo+a5,mama_pingan,121.0,897.0,1747.0
魅族+16,魅族采枫专卖店,121.0,2699.0,1752.0
lg+v50,飞越时尚数码,121.0,1548.4,1751.0
荣耀+v30,翼天下天翼电信旗舰店,121.0,2699.0,1748.0
oppo+a5,广宇数码城,120.0,480.0,1753.0
apple+iphonexsmax,深圳科硕电脑,120.0,3890.0,1754.0
一加+6t,孙宝霞22222,119.0,1179.0,1755.0
apple+iphone11,金诺手机专营店,119.0,5199.0,1756.0
锤子+坚果pro3,沃晟智能设备专营店,118.0,2399.0,1763.0
红米+note7pro,东胜科技商城,118.0,948.0,1760.0
红米+7,卓瓦数码专营店,118.0,999.0,1762.0
纽曼+,纽曼信而美专卖店,118.0,109.0,1758.0
vivo+x27,天骐骏通信商城,118.0,1681.02,1760.0
oppo+findx,雪海金庭园,118.0,2498.0,1757.0
apple+iphone7plus,喜洋洋工作屋,117.0,2070.0,1764.0
apple+iphonexsmax,庆合家居,116.0,1440.0,1766.0
vivo+x27,奥威国际数码,116.0,1958.0,1765.0
vivo+x27,京联通达数码旗舰店,115.0,1598.0,1767.0
一加+6t,天乐时尚数码,115.0,1399.0,1768.0
apple+iphonexr,鱼飞电子,115.0,3450.0,1769.0
apple+iphonexsmax,全民易购网,114.0,4250.0,1775.0
荣耀+v20,广东电信亿品汇专卖店,114.0,3899.0,1773.0
vivo+x27,恒盛纪元数码专营店,114.0,3298.0,1771.0
华为+p30,a18862836888,114.0,2699.0,1770.0
apple+iphone8plus,凯蒂猫工厂,114.0,1090.0,1776.0
三星+galaxys10+,世纪科技官网,114.0,2789.0,1772.0
纽曼+,金辉天成数码专营店,114.0,139.0,1774.0
vivo+x27,蓝翔国际2013,113.0,2170.0,1780.0
oppo+findx,大眼睛数码正品商城,113.0,1295.0,1778.5
apple+iphone8,阿奎通讯行,113.0,5078.0,1781.0
apple+iphone8plus,gwgwwegwegwgw,113.0,2000.0,1777.0
小米+cc9,君问数码官方旗舰店,112.0,999.0,1783.0
apple+iphonexr,小xixi西西,112.0,2000.0,1782.0
荣耀+20i,魅立数码专营店,112.0,1099.0,1784.5
vivo+x27,vivo衡视专卖店,111.0,2698.0,1789.0
华为+p30,oksj数码旗舰店,111.0,6399.0,1786.0
apple+iphone11,三际数码官方旗舰店,111.0,7998.0,1787.0
小米+cc9,久汇数码专营店,111.0,1399.0,1790.0
apple+iphone8plus,angel_纯,111.0,2058.0,1788.0
apple+iphonex,心钻冠好店,109.0,3680.0,1797.0
apple+iphonex,因尔科技,109.0,2100.0,1791.0
apple+iphone8plus,wh80008,109.0,2599.0,1795.0
红米+k20,能良数码官方旗舰店,109.0,2599.0,1793.0
荣耀+20i,深圳市酷优淘数码公司,109.0,755.0,1796.0
apple+iphonex,发远科技,109.0,2811.8,1792.0
apple+iphonexr,方永锐,109.0,2650.0,1794.0
中兴+bladea7,启能数码专营店,108.0,418.0,1802.0
apple+iphone8plus,德隆数码商贸,108.0,1160.0,1801.0
荣耀+v20,同迅数码专营店,108.0,1799.0,1801.0
apple+iphone7plus,帝奕电子,108.0,1580.0,1798.0
apple+iphonex,光辉谜魄,108.0,3450.0,1800.0
oppo+r17,oppo银通亿禾专卖店,107.0,2199.0,1807.5
oppo+a9,骏灿数码专营店,107.0,699.0,1805.0
华为+p30,久汇数码专营店,107.0,1499.0,1804.0
荣耀+magic2,wezebaba,107.0,1578.0,1810.5
apple+iphone8plus,shanwenjian2009,107.0,1588.0,1806.0
荣耀+v30,博盛景数码专营店,107.0,3299.0,1809.0
apple+iphonexs,che0923,106.0,1998.0,1813.0
荣耀+20i,wezebaba,106.0,768.0,1814.0
尼凯恩+,昕薇数码专营店,106.0,149.0,1816.0
vivo+x27,vivo天诚专卖店,106.0,3298.0,1812.0
红米+7a,鸿威通讯,106.0,468.0,1815.0
oppo+r17,oppo普天精诚专卖店,105.0,1799.0,1817.0
apple+iphone11,迈微数码旗舰店,105.0,5109.0,1818.0
华为+p30,lannl,105.0,2950.2,1819.0
华为+p30,xiao_杰_hong,104.0,1499.0,1820.0
荣耀+20pro,才发现永远太近,104.0,1996.0,1821.0
荣耀+20i,心动卡行,103.0,698.0,1824.0
红米+k20pro,卓瓦数码专营店,103.0,2399.0,1822.0
apple+iphonexr,芬郎企业店,103.0,1980.0,1823.0
荣耀+20pro,晋商数码专营店,103.0,999.0,1826.0
vivo+z5x,博盛景数码专营店,103.0,999.0,1827.0
荣耀+10,博海宇通数码专营店,103.0,1259.0,1825.0
红米+note8,久汇数码专营店,102.0,999.0,1828.0
华为+p30,久汇数码专营店,102.0,3388.0,1830.0
oppo+a9,唔空摄影,102.0,1168.0,1829.0
飞利浦+e517,华晖数码专营店,101.0,239.0,1832.0
努比亚+红魔3,卓瓦数码专营店,101.0,2499.0,1831.0
apple+iphonexr,小虎你在,100.0,1450.0,1833.0
华为+p30,蓝港数码专营店,99.0,899.0,1834.0
红米+note8,魅立数码专营店,99.0,659.0,1836.0
vivo+s1pro,美达丰,99.0,1357.0,1836.0
红米+7,有话好说liu,98.0,598.0,1839.0
oppo+r17,oppo手机企业商城,98.0,1299.0,1838.0
oppo+k5,oneplus商城,98.0,1299.0,1840.5
apple+iphonexr,小轩轩2008002,97.0,4330.0,1844.0
华为+畅享9,久汇数码专营店,97.0,798.0,1846.0
vivo+x27pro,博盛景数码专营店,97.0,2698.0,1843.0
荣耀+v30,蓝港数码专营店,97.0,3299.0,1845.0
华为+nova5,能良数码官方旗舰店,97.0,1799.0,1842.0
oppo+r17,秋天的石头6688,96.0,995.0,1848.0
apple+iphone11promax,蘑菇家的木耳,96.0,3680.82,1847.0
oppo+r17,能良数码官方旗舰店,96.0,1299.0,1851.0
apple+iphonexr,ji19921123,96.0,2550.0,1849.0
apple+iphone11,高远数码旗舰店,96.0,5199.0,1852.0
魅族+note8,华丽数码666,96.0,699.0,1850.0
vivo+iqoo,vivo官方旗舰店,95.0,2798.0,1854.0
华为+mate30pro,旭远数码专营店,95.0,1099.0,1855.0
oppo+r17,时器印象商城,95.0,2999.0,1853.0
荣耀+20,有话好说liu,94.0,923.0,1859.0
apple+iphonexsmax,沁穆堂,94.0,5499.0,1857.0
vivo+x27,vivo天诚专卖店,94.0,1398.0,1858.0
小米+小米9,卓瓦数码专营店,94.0,3799.0,1856.0
努比亚+红魔3,69铺小a,94.0,2099.0,1860.0
荣耀+20i,宝岛数码精品阁,93.0,918.0,1861.0
vivo+x27,vivo航鹰专卖店,93.0,3998.0,1867.0
华为+nova5pro,云腾数码商城,93.0,1006.99,1862.0
小米+cc9,广东电信亿品汇专卖店,93.0,999.0,1864.5
apple+iphone8plus,隆兴数码8,93.0,2200.0,1863.0
中兴+bladea7,天杰数码专营店,93.0,426.0,1866.0
华为+nova5,诚信实拍数码,92.0,1196.8,1870.0
apple+iphone11,jiute999,92.0,4998.0,1874.0
华为+p30,华为莫问专卖店,92.0,2099.0,1872.0
apple+iphone11,四川移动官方旗舰店,92.0,5299.0,1869.0
apple+iphone8plus,门亮洁才,92.0,1048.0,1875.0
apple+iphone8plus,福田数码店,92.0,495.0,1868.0
apple+iphone7plus,情侣班服商城,91.0,2000.0,1876.0
vivo+x27,中人通信数码旗舰店,91.0,2498.0,1878.0
荣耀+v30,广东电信亿品汇专卖店,91.0,3299.0,1877.0
美图+t9,xiangruyimo58,90.0,899.0,1880.0
华为+nova5,云腾数码商城,90.0,1006.99,1881.0
apple+iphone7plus,cjnlmn,90.0,1900.0,1879.0
华为+mate30,京合旗舰店,89.0,4999.0,1882.0
华为+p30,玖零世纪,89.0,859.0,1883.0
荣耀+v20,热图数码专营店,89.0,1099.0,1884.0
华为+nova5,三际数码官方旗舰店,88.0,968.0,1891.0
荣耀+9x,视界电讯,88.0,1099.0,1890.0
红米+7,君胜数码专营店,88.0,1889.0,1892.0
荣耀+20i,一朵花的记忆,88.0,538.0,1894.0
纽曼+,纽曼手机旗舰店,88.0,218.0,1885.0
apple+iphonexsmax,bc1682013,88.0,3550.0,1889.5
荣耀+10,prl44210390abcd,88.0,908.0,1887.0
纽曼+,鼎峰数码专营店,88.0,109.0,1889.0
vivo+x27,vivo欧曙专卖店,88.0,3298.0,1888.0
apple+iphone11promax,金运通,87.0,4755.62,1898.0
oppo+r17pro,香格国际,87.0,889.0,1897.0
努比亚+红魔3,乐畔乐购旗舰店,87.0,1899.0,1899.0
荣耀+9i,qq2313561800,87.0,748.0,1896.0
vivo+x27,vivo衡视专卖店,87.0,3298.0,1895.0
华为+mate30pro,黄大帅199,87.0,3061.86,1900.0
中兴+bladea7,jiangxiumingliu,86.0,395.0,1907.0
oppo+renoz,出尘品牌店,86.0,1780.0,1902.0
apple+iphone8plus,我的百分之一女生店,86.0,2050.0,1903.0
华为+畅享9plus,赛西湖,86.0,757.24,1905.0
小米+小米9,和来达数码专营店,86.0,3699.0,1904.0
vivo+x27,大眼睛数码正品商城,86.0,665.0,1901.0
apple+iphonexr,白领衣族01,86.0,2800.0,1906.0
apple+iphonex,腾飞新生活,85.0,3200.0,1911.0
一加+7pro,三际数码官方旗舰店,85.0,3399.0,1911.5
荣耀+v30,京合旗舰店,85.0,3899.0,1913.0
vivo+iqoo,苏宁易购官方旗舰店,85.0,2598.0,1915.0
荣耀+v30,品牌机批发店,85.0,2999.0,1912.0
vivo+iqoo,恒盛纪元数码专营店,85.0,2698.0,1909.0
荣耀+v20,三际数码官方旗舰店,84.0,3299.0,1918.0
尼凯恩+en3,利欧数码专营店,84.0,79.0,1917.0
红米+8a,潍坊联通官方旗舰店,84.0,679.0,1919.0
红米+note8,中国移动官方旗舰店,84.0,679.0,1916.0
红米+note8,创宇嘉汇数码专营店,83.0,969.0,1920.0
荣耀+v20,久汇数码专营店,83.0,869.0,1922.0
apple+iphone8plus,民民服饰,83.0,2310.0,1921.0
三星+galaxya70,三星官方旗舰店,83.0,2699.0,1923.0
oppo+a9,恒正科技数码,82.0,628.0,1925.0
华为+nova5pro,赛西湖,82.0,1966.03,1926.0
荣耀+20,中国移动官方旗舰店,82.0,1099.0,1924.0
华为+畅享9,王玉玉1234,82.0,843.0,1927.5
apple+iphone8plus,德隆数码商贸,81.0,1000.0,1932.5
华为+p30,翼天下天翼电信旗舰店,81.0,3999.0,1931.5
apple+iphonex,电子沈,81.0,3750.0,1930.0
小米+小米8,君胜数码专营店,81.0,2509.0,1931.0
vivo+x27,京联通达数码旗舰店,80.0,2698.0,1936.0
红米+note7pro,白开水的点燃方式,80.0,1098.99,1938.0
apple+iphone8,电子沈,80.0,2590.0,1941.0
三星+galaxynote10,三星宏远祥龙专卖店,80.0,7999.0,1938.0
apple+iphone8plus,深圳标宇通讯,80.0,1588.0,1935.0
小米+小米8,陈思瞳2012,80.0,738.0,1942.0
诺基亚+x7,小西宝2017,80.0,529.0,1940.0
荣耀+10,博盛景数码专营店,79.0,1099.0,1943.0
apple+iphone11,广东电信亿品汇专卖店,79.0,5678.0,1944.0
vivo+s1pro,china手机城,79.0,1435.0,1945.0
apple+iphonexr,热爱时尚潮流,79.0,3388.0,1946.0
oppo+r17,oppo聚洪欧珀专卖店,78.0,1299.0,1951.0
荣耀+20,wezebaba,78.0,898.0,1952.0
荣耀+10,魅立数码专营店,78.0,699.0,1953.0
华为+nova5pro,品牌机批发店,78.0,1297.99,1954.0
apple+iphonex,mlove360,78.0,2830.0,1950.0
vivo+u1,wallter_yuan,78.0,615.0,1947.0
华为+畅享10plus,品牌机批发店,78.0,887.99,1949.0
vivo+iqoo,君问数码官方旗舰店,78.0,2098.0,1948.0
荣耀+v30,荣耀官方旗舰店,77.0,4199.0,1955.0
apple+iphone11promax,杭州拉风数码,77.0,4702.5,1957.0
华为+mate30,赛西湖,77.0,3287.67,1956.0
荣耀+10,df5738,76.0,1092.0,1960.0
apple+iphone8plus,远航通讯16,76.0,2358.0,1961.0
oppo+k3,执子之手9308,76.0,1198.0,1962.0
华为+mate20pro,远航通讯16,76.0,1988.0,1958.0
华为+mate20x,国货平价网,76.0,3874.12,1959.0
荣耀+v20,卓瓦数码专营店,75.0,2699.0,1965.0
华为+mate30,卓瓦数码专营店,75.0,1499.0,1965.0
apple+iphonex,玲玲辉煌创业,75.0,1997.5,1967.0
荣耀+10,tb812304690,75.0,930.0,1968.0
apple+iphonexsmax,轻松换数码旗舰店,75.0,5988.0,1963.0
华为+mate30pro,创汇通达数码旗舰店,74.0,1899.0,1973.0
华为+畅享8,傲海企业店,74.0,680.0,1971.0
荣耀+8x,旭翼数码专营店,74.0,399.0,1970.5
荣耀+v20,久汇数码专营店,74.0,1079.0,1970.0
apple+iphone8plus,小小团队1,73.0,1170.0,1974.0
红米+k20,卓瓦数码专营店,73.0,1599.0,1980.0
华为+p30,艾尚饮手机,73.0,2800.0,1975.0
oppo+findx,oppo平实专卖店,73.0,2499.0,1979.0
apple+iphonexsmax,南涛科技,73.0,3445.2,1977.0
apple+iphone8plus,百嘉数码8,73.0,1390.0,1976.0
apple+iphone11promax,中华淘购网店,73.0,3499.0,1978.0
apple+iphone8plus,宝发聚宝源,72.0,1366.0,1981.0
apple+iphone8plus,香香衣饰1990,72.0,2128.5,1982.5
索尼+xperiaxz3,雅馨数码城,71.0,1988.0,1989.0
华为+p30,liang3990,71.0,2578.0,1986.5
锤子+坚果pro3,深圳市酷优淘数码公司,71.0,1788.0,1985.0
小米+小米8,旭山数码店,71.0,808.0,1984.0
华为+p30,京合旗舰店,71.0,3199.0,1988.0
华为+mate30pro,博盛景数码专营店,70.0,1599.0,1992.0
三星+galaxys10,heilonlong,70.0,1980.0,1993.0
红米+note8,飞鸿数码旗舰店,70.0,1249.0,1990.0
oppo+reno,oppo正品商城,70.0,3199.0,1991.0
三星+galaxys10,中国移动手机官方旗舰店,69.0,3799.0,1995.0
vivo+iqoo,vivo衡视专卖店,69.0,2498.0,1997.0
apple+iphonex,jiali通讯,69.0,3599.0,1998.0
美图+t9,沃晟智能设备专营店,69.0,999.0,1995.0
apple+iphonexsmax,stars882,68.0,3308.0,2001.0
vivo+iqoo,秋天的石头6688,68.0,975.0,1999.0
华为+mate30,博盛景数码专营店,67.0,1299.0,2003.5
apple+iphone8plus,阳光数码通讯专卖,67.0,2198.0,2005.0
华为+畅享9,君问数码官方旗舰店,66.0,709.0,2007.0
oppo+r17pro,海派手机,66.0,1429.0,2011.0
华为+麦芒8,划地球,66.0,999.0,2008.0
华为+p30,旭远数码专营店,66.0,1099.0,2008.0
华为+mate30,阿奎通讯行,66.0,12655.0,2009.0
apple+iphone8plus,合创数码通讯,65.0,2097.0,2012.0
apple+iphone8plus,雄达数码2009,65.0,2200.0,2013.0
oppo+r17pro,金色探戈no1,65.0,1799.0,2015.0
华为+nova5,sunhonpe,65.0,1298.0,2016.0
oppo+reno,苏宁易购官方旗舰店,65.0,2299.0,2014.0
apple+iphone8plus,新西兰小镇特卡波,64.0,2080.0,2019.0
荣耀+v20,能良数码官方旗舰店,64.0,3299.0,2017.0
apple+iphone11,能良数码官方旗舰店,64.0,5488.0,2018.0
荣耀+20pro,李滚滚的店,63.0,1479.0,2023.0
华为+畅享8,优爱特手机专营店,63.0,438.0,2025.0
华为+mate30,好机会数码旗舰店,63.0,4999.0,2027.0
红米+7,卓瓦数码专营店,63.0,648.0,2024.0
黑鲨+,广东电信亿品汇专卖店,63.0,3799.0,2021.0
华为+nova5pro,星恒盛手机专营店,63.0,3199.0,2022.0
荣耀+v20,久汇数码专营店,63.0,1799.0,2023.0
apple+iphonexs,zxsgtc,63.0,4470.0,2028.0
华为+nova6,中宽通讯行,62.0,1917.8,2029.0
apple+iphone8,牛皮匠鞋坊,62.0,2077.02,2030.0
vivo+iqoo,能良数码官方旗舰店,62.0,3998.0,2032.0
荣耀+8x,dong19871014,62.0,828.0,2031.0
vivo+u1,深圳市唐讯科技,61.0,587.99,2035.0
华为+mate30pro,旭远数码专营店,61.0,1199.0,2033.0
荣耀+10,京合旗舰店,61.0,1599.0,2034.0
华为+nova5pro,同达丰数码旗舰店,60.0,2499.0,2042.0
联想+z5,安卓快意数码专营店,60.0,825.0,2040.0
oppo+findx,yefei_hs,60.0,2999.0,2038.0
apple+iphone6,苯女人86,60.0,870.0,2041.0
荣耀+v30,诚信实拍数码,60.0,2995.0,2036.0
apple+iphone11promax,woaichenheng99,60.0,4553.01,2039.0
vivo+x27,我们不一样883706,60.0,1398.0,2037.0
纽曼+,深圳易乐购数码专营店,59.0,79.0,2043.0
华为+畅享9,民讯通数码专营店,59.0,459.0,2050.0
荣耀+20,白开水的点燃方式,59.0,1398.0,2049.0
vivo+iqoo,三际数码官方旗舰店,59.0,2698.0,2048.0
oppo+a9,oppo品牌企业店,59.0,699.0,2044.0
vivo+x27pro,唔空摄影,59.0,1598.0,2047.0
apple+iphone8plus,只有赚1块钱,59.0,1998.0,2045.5
华为+p30,沙丁数码专营店,58.0,4999.0,2057.0
oppo+a9,oppo平实专卖店,58.0,1299.0,2051.0
oppo+k5,yefei_hs,58.0,1799.0,2052.0
apple+iphone8plus,樱公爵,58.0,1970.0,2056.0
小米+小米8,天心通讯,58.0,738.0,2056.5
apple+iphone11promax,zxsgtc,58.0,7980.0,2054.0
vivo+iqoo,andy468iy,58.0,1868.0,2053.0
荣耀+10,百分百购物网,57.0,630.0,2060.0
vivo+iqoo,vivo航鹰专卖店,57.0,2198.0,2059.0
vivo+z5,胡琴0618,57.0,1299.0,2063.0
纽曼+,纽曼信而美专卖店,57.0,58.0,2061.0
纽曼+l8s,纽曼世腾专卖店,57.0,119.0,2062.0
荣耀+v20,久汇数码专营店,56.0,1899.0,2064.0
apple+iphonex,爱上好好888,56.0,3500.0,2065.0
华为+nova5pro,中国移动官方旗舰店,56.0,3199.0,2066.0
vivo+z3,大眼睛数码正品商城,56.0,645.0,2067.0
华为+p30,创汇通达数码旗舰店,55.0,1088.0,2068.0
apple+iphone8plus,广州荣华网络耗材批发,55.0,1588.0,2069.0
vivo+x27,吉祥电子数码,55.0,1758.0,2070.0
vivo+iqoo,恒盛纪元数码专营店,54.0,3998.0,2073.0
vivo+x27,精臻数码港,54.0,1178.0,2072.0
oppo+r17,骏灿数码专营店,54.0,1799.0,2071.0
华为+mate30pro,古龙圣宝,53.0,6038.0,2077.5
华为+p30,df5738,53.0,2949.0,2075.0
vivo+iqoo,vivo铁络专卖店,53.0,2898.0,2076.0
vivo+z3x,执子之手9308,53.0,939.0,2074.0
华为+mate30,能良数码官方旗舰店,52.0,3199.0,2079.0
荣耀+20i,oksj数码旗舰店,52.0,799.0,2080.0
魅族+16xs,阿凡提商城,52.0,1068.0,2081.0
oppo+a9,oppo品牌企业店,52.0,699.0,2082.0
荣耀+v20,东胜科技商城,51.0,1778.0,2089.0
apple+iphone11,卓瓦数码专营店,51.0,5488.0,2087.0
华为+p30,三际数码官方旗舰店,51.0,6399.0,2087.5
vivo+x27,vivo衡视专卖店,51.0,3998.0,2083.0
华为+畅享9,王玉玉1234,51.0,750.0,2084.0
oppo+r17,骏灿数码专营店,51.0,2999.0,2088.0
小米+cc9,北京的老爷们,51.0,1289.0,2086.0
红米+7a,潍坊联通官方旗舰店,50.0,498.0,2095.0
华为+p30,翼天下天翼电信旗舰店,50.0,4488.0,2092.0
vivo+iqoo,三际数码官方旗舰店,50.0,3298.0,2094.0
荣耀+v30,友铭数码通讯,50.0,2922.14,2097.0
红米+k20pro,君胜数码专营店,50.0,2498.0,2093.0
魅族+x8,爱爱购物店,50.0,550.0,2096.0
三星+galaxynote10,安岁数码专营店,50.0,7999.0,2091.0
华为+mate30,徐志明tb,49.0,3749.06,2100.0
apple+iphone11promax,罪人宝宝08,49.0,3345.0,2101.0
红米+k20pro,乐畔乐购旗舰店,49.0,2399.0,2099.0
apple+iphone8plus,壹加陆时尚女装,49.0,1880.0,2098.0
apple+iphonexr,碧丽丝轩衣阁,48.0,2366.1,2107.0
oppo+findx,骏灿数码专营店,48.0,2999.0,2105.0
apple+iphonexr,wfgjyjw,48.0,1450.0,2103.0
apple+iphone8plus,启泰数码,48.0,1588.0,2106.0
apple+iphone8plus,1号店85,48.0,2150.0,2104.0
华为+nova5,wezebaba,48.0,1238.0,2108.0
华为+mate30,卓瓦数码专营店,48.0,2199.0,2109.0
华为+nova6,君问数码官方旗舰店,48.0,3199.0,2106.0
apple+iphone8plus,新西兰小镇特卡波,47.0,2100.0,2112.5
红米+note7pro,能良数码官方旗舰店,47.0,599.0,2113.0
荣耀+20i,tb2757684_2013,47.0,899.0,2112.0
华为+畅享10plus,lannl,47.0,1550.0,2116.0
apple+iphone8,轻松换数码旗舰店,47.0,3228.0,2117.0
apple+iphonexr,日韩馆2013,47.0,3650.0,2115.0
oppo+a5,忆想大商行,46.0,628.0,2118.0
荣耀+10,创宇嘉汇数码专营店,46.0,1099.0,2120.0
apple+iphone8plus,商城正品女装韩版店铺,46.0,2050.0,2119.0
红米+k20pro,君问数码官方旗舰店,45.0,1599.0,2121.0
oppo+a9,oppo品牌企业店,45.0,1599.0,2128.0
华为+畅享9plus,king_llz,45.0,558.0,2125.3333333333335
apple+iphone8plus,销量第一8,45.0,1280.0,2126.0
荣耀+v30,中国移动官方旗舰店,45.0,3299.0,2123.0
apple+iphone11promax,土木良品店铺,45.0,4699.0,2122.0
oppo+findx,骏灿数码专营店,45.0,2499.0,2129.0
华为+mate30pro,dingxiaofei28,44.0,3100.0,2132.0
黑鲨+,乐畔乐购旗舰店,44.0,1999.0,2131.0
红米+note8,乐畔乐购旗舰店,44.0,999.0,2130.0
三星+galaxys10+,完美数码通讯168,44.0,2000.0,2133.0
华为+nova6,同达丰数码旗舰店,43.0,2199.0,2140.5
荣耀+v30,春江哥,43.0,2993.0,2144.0
小米+cc9,创宇嘉汇数码专营店,43.0,999.0,2143.5
华为+mate20x,才发现永远太近,43.0,1786.21,2136.0
apple+iphonex,zhuangdanmin,43.0,2300.0,2135.0
华为+mate20,玩风数码专营店,43.0,1929.0,2144.0
vivo+u1,张瑜0809,43.0,655.0,2140.0
华为+p30,蓝港数码专营店,43.0,3199.0,2134.0
apple+iphonexr,朵儿妈的生活,43.0,4350.0,2145.0
荣耀+20pro,久汇数码专营店,43.0,1649.0,2143.0
vivo+x27,vivo航鹰专卖店,43.0,1998.0,2138.0
荣耀+v20,冠晨伟业数码专营店,42.0,1388.0,2149.0
华为+nova4,king_llz,42.0,628.0,2153.0
红米+note8,民讯通数码专营店,42.0,649.0,2151.0
荣耀+8x,千瑞宏达手机专营店,42.0,868.0,2152.0
荣耀+20pro,启能数码专营店,42.0,1099.0,2157.0
荣耀+10,久汇数码专营店,42.0,589.0,2156.0
索尼+xperiaxz3,终极者11,42.0,1980.0,2154.0
apple+iphone11,润森数码旗舰店,42.0,5199.0,2150.0
apple+iphone11promax,颖宝宝666888,42.0,4998.0,2158.0
oppo+a9,yy_sky_2008,42.0,704.0,2155.0
一加+6t,yuanshan_2013,42.0,1170.0,2159.0
三星+galaxya60,三星宏远祥龙专卖店,42.0,1347.0,2160.0
华为+mate30pro,八连星手机专营店,41.0,2699.0,2165.0
oppo+findx,hdt158,41.0,3259.0,2162.0
华为+p30,广东电信亿品汇专卖店,41.0,2199.0,2163.0
oppo+a9,香格国际,41.0,889.0,2164.0
小米+cc9,东胜科技商城,41.0,968.0,2163.5
荣耀+8x,启能数码专营店,40.0,1049.0,2171.0
apple+iphone11promax,碧丽丝轩衣阁,40.0,4650.0,2167.0
荣耀+v20,启能数码专营店,40.0,879.0,2169.0
apple+iphone11promax,aceplayer,40.0,5040.0,2173.0
华为+p30,三际数码官方旗舰店,40.0,3199.0,2170.5
apple+iphonexs,搜酷数码专营店,39.0,5399.0,2177.0
三星+galaxynote10,三星恒源盛达专卖店,39.0,7999.0,2179.0
oppo+a5,炫杰888,39.0,799.0,2178.0
魅族+16,鼎盛数码手机,39.0,999.0,2181.5
apple+iphone11,lannl,39.0,5068.8,2176.0
荣耀+10,东胜科技商城,39.0,1433.52,2180.0
荣耀+v20,创汇通达数码旗舰店,39.0,1749.0,2174.0
oppo+r17,oppo蓝源专卖店,39.0,1799.0,2175.0
apple+iphone7plus,星梦全球购,38.0,1800.0,2188.0
apple+iphonexsmax,静房王树楷,38.0,5000.0,2186.0
apple+iphone11,搜酷数码专营店,38.0,5059.0,2183.0
黑鲨+,玩风数码专营店,38.0,3699.0,2184.0
vivo+iqoo,博盛景数码专营店,38.0,3298.0,2187.0
华为+nova6,智由掌控数码旗舰店,38.0,3199.0,2185.0
荣耀+v20,卓瓦数码专营店,37.0,3299.0,2191.0
apple+iphone11,乐自由数码专营店,37.0,5088.0,2192.0
华为+mate30pro,南南jd,37.0,3378.0,2193.0
红米+7a,乐申商城,37.0,208.0,2189.0
vivo+s1pro,大眼睛数码正品商城,37.0,1045.0,2194.0
vivo+x27,京联通达数码旗舰店,37.0,1998.0,2190.0
apple+iphone11,4k电子,36.0,4820.0,2196.0
oppo+a5,唔空摄影,36.0,658.0,2200.0
oppo+a5,啄木鸟掌柜,36.0,620.0,2195.0
oppo+r17,mama_pingan,36.0,1347.0,2199.0
oppo+findx,智宏新创数码专营店,36.0,2999.0,2197.5
华为+nova5pro,weixuebin2008,35.0,1449.0,2202.0
vivo+x27,怡家土特产,35.0,1418.0,2205.0
荣耀+20,东胜科技商城,35.0,1478.0,2205.0
vivo+iqoo,能良数码官方旗舰店,35.0,2598.0,2201.0
荣耀+10,晋商数码专营店,35.0,799.0,2204.0
vivo+x27,能良数码官方旗舰店,35.0,3298.0,2206.0
荣耀+v20,博盛景数码专营店,34.0,999.0,2212.5
vivo+iqoo,weilong703,34.0,1998.0,2212.0
apple+iphone11promax,福纪幸福魔方,34.0,5590.0,2210.0
apple+iphone8plus,财运轩企业,34.0,1500.0,2212.5
华为+p30,沙丁数码专营店,34.0,4999.0,2208.0
oppo+a9,大眼睛数码正品商城,33.0,845.0,2225.0
apple+iphone6,yangzhixu729,33.0,1040.0,2218.0
vivo+z5x,诚信花木0102,33.0,998.0,2222.0
华为+mate30pro,fhj18786609999,33.0,5799.0,2216.0
红米+note8,乐畔乐购旗舰店,33.0,1249.0,2221.0
apple+iphone7,搜酷数码专营店,33.0,2699.0,2219.0
apple+iphone7plus,会耍赖的猫888,33.0,1500.0,2217.0
纽曼+,金辉天成数码专营店,33.0,239.0,2220.0
apple+iphone11,oksj数码旗舰店,33.0,5388.0,2223.0
魅族+note8,佳宇科技2015,33.0,755.0,2224.0
华为+nova6,手机_小秘,32.0,197.99,2234.0
锤子+坚果pro3,topole,32.0,1793.6,2233.0
华为+mate20x,辽宁东哲数码连锁,32.0,1586.41,2227.0
华为+nova5pro,德胜宝数码专营店,32.0,2499.0,2226.0
apple+iphone6,品优科技8886,32.0,1030.0,2230.0
apple+iphone11promax,海飞手机零售店,32.0,4999.0,2231.0
华为+p30,京联通达数码旗舰店,32.0,6399.0,2229.0
oppo+reno,苏宁易购官方旗舰店,32.0,3999.0,2228.0
红米+k20pro,晨颖通讯,32.0,1769.0,2232.0
华为+nova5pro,中国移动手机官方旗舰店,31.0,2499.0,2239.5
小米+max3,t_1496912954940_0943,31.0,720.0,2235.0
oppo+r17,骏灿数码专营店,31.0,1299.0,2236.0
apple+iphone7plus,旭日远航数码专营店,31.0,2758.0,2242.0
小米+小米9,晨颖通讯,31.0,1466.0,2241.0
华为+畅享10plus,美图专门店,31.0,858.0,2237.0
华为+p30,旭翼数码专营店,31.0,2059.0,2238.0
vivo+x27pro,出尘品牌店,30.0,1598.0,2250.0
小米+mix3,卓瓦数码专营店,30.0,989.0,2243.0
apple+iphone11,飞鸿数码旗舰店,30.0,5288.0,2247.0
oppo+a5,老爸老妈手机店,30.0,438.0,2249.0
vivo+s1pro,mama_pingan,30.0,1397.0,2248.0
oppo+r17,佳惠兴通数码专营店,30.0,2299.0,2246.0
apple+iphonexr,leaf叶子860,30.0,2499.0,2251.0
三星+galaxys10,arianai,30.0,2000.0,2244.5
vivo+iqoo,三际数码官方旗舰店,29.0,1398.0,2253.0
华为+p30,同迅数码专营店,29.0,3199.0,2256.0
oppo+a5,南山恒久通讯,29.0,620.0,2254.0
apple+iphone11,麦蒂vss科比,29.0,3650.0,2252.0
apple+iphone11,黑猫数码ff,29.0,3550.0,2255.0
apple+iphonexs,翼天下天翼电信旗舰店,29.0,5899.0,2257.0
纽曼+,纽曼鹏宇佳业专卖店,28.0,69.0,2261.0
apple+iphone7plus,星梦全球购,28.0,1800.0,2262.5
vivo+iqoo,三际数码官方旗舰店,28.0,3798.0,2263.0
荣耀+v30,oksj数码旗舰店,28.0,3899.0,2259.0
华为+mate20pro,玩风数码专营店,28.0,2599.0,2258.0
华为+p30,旭远数码专营店,27.0,3999.0,2268.0
诺基亚+x71,lucky狗儿,27.0,1148.0,2265.0
华为+mate30pro,京合旗舰店,27.0,2199.0,2270.0
华为+nova6,年年盛商贸,27.0,1996.0,2271.0
vivo+x27,vivo欧曙专卖店,27.0,3998.0,2269.0
华为+p30,京联通达数码旗舰店,27.0,2199.0,2272.0
华为+nova6,咪咕官方旗舰店,27.0,2199.0,2273.0
红米+7a,心动卡行,27.0,358.0,2266.5
华为+p30,oksj数码旗舰店,26.0,2758.0,2276.0
oppo+a9,诚信花木0102,26.0,1168.0,2277.0
vivo+iqoo,三际数码官方旗舰店,26.0,2598.0,2274.0
vivo+x27,出尘品牌店,26.0,1388.0,2275.0
oppo+a9,oppo官方旗舰店,25.0,1199.0,2282.0
apple+iphone8plus,商城质量,25.0,2280.0,2286.0
apple+iphone11promax,东利数码专营店,25.0,5058.0,2283.0
红米+note8,璟鑫手机专营店,25.0,1059.0,2278.0
vivo+s1,恒正科技数码,25.0,1298.0,2285.0
红米+note8,创汇通达数码旗舰店,25.0,629.0,2284.0
vivo+iqoo,vivo铁络专卖店,25.0,4998.0,2279.0
oppo+r17,oppo银通亿禾专卖店,25.0,2999.0,2281.0
oppo+reno,oppo熊鑫专卖店,25.0,3799.0,2280.0
vivo+s1pro,guorenkai1983,24.0,1398.0,2288.0
荣耀+v30,蓝港数码专营店,24.0,3899.0,2291.0
华为+mate30,肥牛数码,24.0,12388.0,2295.0
三星+galaxynote10,igo数码通讯,24.0,3830.0,2297.0
apple+iphone11,中国电信官方旗舰店,24.0,5149.0,2296.0
apple+iphone11promax,鑫辉数码旗舰店,24.0,7998.0,2293.0
apple+iphone7,岗隆数码专营店,24.0,2698.0,2290.0
荣耀+10,启能数码专营店,24.0,588.0,2292.0
apple+iphone8plus,janetmall,24.0,2099.0,2289.0
apple+iphone7plus,悠悠淘一米,24.0,1580.0,2291.5
vivo+iqoo,vivo欧曙专卖店,23.0,3498.0,2302.5
apple+iphone8plus,tb9173203_00,23.0,2100.0,2305.0
荣耀+v30,博远通讯88,23.0,3838.0,2304.0
小米+cc9,同迅数码专营店,23.0,2699.0,2303.0
vivo+iqoo,京联通达数码旗舰店,23.0,2498.0,2300.0
纽曼+,滨峰时代数码专营店,23.0,398.0,2301.0
华为+畅享10plus,赛西湖,23.0,797.2,2302.0
华为+mate30pro,桦泰圣鹰手机,22.0,3199.0,2308.0
apple+iphone11promax,迷失亡灵91,22.0,5070.0,2310.0
华为+p30,同步飞扬数码专营店,22.0,2199.0,2317.0
荣耀+8x,大眼睛数码正品商城,22.0,895.0,2314.0
小米+小米9,ryang275492354,22.0,1799.0,2309.0
oppo+a5,红客红商贸,22.0,435.0,2318.0
华为+p30,巨利泰数码专营店,22.0,6899.0,2311.0
红米+note8,andy468iy,22.0,698.0,2311.0
红米+note8,北京的老爷们,22.0,1209.0,2313.0
荣耀+9x,雨宇数码,22.0,898.2,2314.0
oppo+r17,oppo平实专卖店,21.0,2999.0,2327.0
apple+iphone7plus,90后梦想店铺,21.0,1800.0,2324.0
oppo+a9,always1437,21.0,1168.0,2322.0
vivo+iqoo,悦高数码专营店,21.0,2298.0,2325.0
apple+iphone8plus,曼慕服饰有限公司,21.0,2068.0,2320.0
oppo+r17pro,oppo金谷专卖店,21.0,3799.0,2320.0
apple+iphonexr,子因数码专营店,21.0,4379.0,2323.0
尼凯恩+en3,嘉宇金成数码专营店,21.0,79.0,2326.0
oppo+r17,聚宝康数码专营店,20.0,1299.0,2340.0
联想+z5pro,华飞数码专营店,20.0,1698.0,2333.0
一加+7pro,时尚美妆小屋2014,20.0,3350.0,2337.0
oppo+r17pro,子洁0791,20.0,1978.0,2343.0
红米+note8,深圳市唐讯科技,20.0,908.0,2341.0
oppo+r17pro,海派手机,20.0,1429.0,2336.0
vivo+iqoo,vivo盛大信和专卖店,20.0,1998.0,2332.0
红米+note8,飞鸿数码旗舰店,20.0,1099.0,2332.0
荣耀+v20,飞鸿数码旗舰店,20.0,1699.0,2329.0
oppo+a9,oppo官方旗舰店,20.0,1999.0,2330.0
华为+畅享8,梦想聚焦,20.0,468.0,2334.0
apple+iphonexsmax,云南移动官方旗舰店,20.0,5799.0,2338.0
华为+p30,华为莫问专卖店,20.0,4999.0,2342.0
华为+mate30pro,八连星手机专营店,19.0,5799.0,2344.0
荣耀+10,玩风数码专营店,19.0,799.0,2345.0
apple+iphone11,hanxunduke,19.0,7869.0,2346.0
华为+nova5,能良数码官方旗舰店,19.0,1399.0,2347.0
魅族+16xs,q1039522681,18.0,768.0,2349.0
纽曼+m560,赫尔曼数码专营店,18.0,99.0,2357.0
vivo+z5x,weiyi811000,18.0,739.0,2352.0
华为+p30,蓝港数码专营店,18.0,1799.0,2355.0
华为+p30,京联通达数码旗舰店,18.0,1199.0,2350.0
vivo+iqoo,yefei_hs,18.0,1998.0,2354.0
华为+p30,华为莫问专卖店,18.0,2199.0,2353.0
小米+小米9,xianglonghao,18.0,3529.0,2348.0
华为+畅享9plus,民讯通数码专营店,18.0,1089.0,2351.0
华为+mate30pro,妥啦易购,18.0,3468.0,2356.0
apple+iphone8plus,依依丶不赖,17.0,2098.0,2365.5
华为+畅享9plus,wezebaba,17.0,1328.0,2359.0
华为+p30,三际数码官方旗舰店,17.0,2699.0,2363.0
apple+iphone7plus,xxzlynlcj555,17.0,1900.0,2358.0
红米+note7pro,三际数码官方旗舰店,17.0,699.0,2367.5
华为+nova5pro,能良数码官方旗舰店,17.0,1199.0,2360.0
华为+p30,启能数码专营店,17.0,2699.0,2362.0
oppo+r17pro,治辰腾远,17.0,1978.0,2361.0
vivo+iqoo,cnange1201,17.0,1888.0,2364.0
红米+note8,启能数码专营店,16.0,1199.0,2372.0
黑鲨+,君胜数码专营店,16.0,2319.0,2375.0
荣耀+v30,魅立数码专营店,16.0,3299.0,2374.0
华为+nova5,黄大帅199,16.0,997.0,2373.0
荣耀+v20,大唐回浦数码旗舰店,16.0,2699.0,2369.0
华为+nova6,wezebaba,16.0,1958.0,2377.0
小米+小米9,中国移动官方旗舰店,16.0,2499.0,2372.0
小米+cc9,ryang275492354,15.0,999.0,2386.0
荣耀+v20,迈微数码旗舰店,15.0,3899.0,2388.0
华为+畅享9,中创青云数码专营店,15.0,999.01,2389.0
荣耀+10,八连星手机专营店,15.0,1099.0,2381.5
oppo+r17,三际数码官方旗舰店,15.0,3399.0,2392.0
oppo+r17,三际数码官方旗舰店,15.0,3999.0,2378.0
华为+p30,久汇数码专营店,15.0,3199.0,2382.0
黑鲨+,吸血鬼档案,15.0,1100.0,2391.0
vivo+z3,fyb2001520,15.0,1398.0,2393.0
vivo+iqoo,vivo衡视专卖店,15.0,2598.0,2390.0
oppo+a5,tb046387630,15.0,430.0,2383.0
华为+p30,智由掌控数码旗舰店,15.0,5799.0,2383.3333333333335
华为+畅享10plus,天猫企业购直营,14.0,1699.0,2398.0
中兴+bladev10,宇奇一达数码专营店,14.0,755.0,2400.0
apple+iphonexr,云南移动官方旗舰店,14.0,4459.0,2402.0
小米+mix3,连盛数码专营店,14.0,2389.0,2405.0
华为+mate30,王者天创旗舰店,14.0,4799.0,2396.0
华为+mate20,八连星手机专营店,14.0,2288.0,2403.0
华为+mate30,儒涵数码专营店,14.0,4999.0,2395.5
华为+mate20pro,df5738,14.0,1999.0,2404.0
小米+小米9,东胜科技商城,14.0,2458.0,2395.0
apple+iphone11,四川移动官方旗舰店,14.0,8299.0,2399.0
apple+iphonex,e_家宝贝,14.0,3388.0,2401.0
apple+iphonexr,搏优科技,13.0,2488.0,2407.0
apple+iphone8plus,酷宝贝2013,13.0,2008.0,2409.0
黑鲨+,金万吉数码专营店,13.0,2239.0,2408.0
荣耀+8x,民讯通数码专营店,13.0,419.0,2406.0
华为+nova6,视界电讯,12.0,2199.0,2416.0
oppo+reno,苏宁易购官方旗舰店,12.0,3399.0,2418.0
oppo+r17pro,wallter_yuan,12.0,1448.0,2410.0
vivo+iqoo,andy468iy,12.0,858.0,2412.0
oppo+r17pro,wallter_yuan,12.0,1445.0,2414.0
apple+iphone7plus,花可时尚,12.0,1800.0,2411.0
apple+iphone8plus,方永锐,12.0,1750.0,2415.0
红米+k20pro,潍坊联通官方旗舰店,12.0,1299.0,2419.0
华为+mate30pro,樱桃小丸子的数码店,12.0,3380.0,2415.0
华为+p30,广东电信亿品汇专卖店,11.0,4488.0,2428.0
小米+cc9,魅立数码专营店,11.0,949.0,2420.0
apple+iphonex,iphone家族1,11.0,3250.0,2429.0
oppo+r17,骏灿数码专营店,11.0,1799.0,2425.5
华为+nova6,诚信实拍数码,11.0,1916.08,2424.0
华为+nova6,wezebaba,11.0,1958.0,2421.0
oppo+reno,yefei_hs,11.0,3999.0,2423.0
华为+畅享9plus,千瑞宏达手机专营店,11.0,849.0,2430.0
vivo+iqoo,skhh811000,11.0,1698.0,2424.5
oppo+r17,oppo蓝源专卖店,10.0,1299.0,2442.0
vivo+x27,vivo铁络专卖店,10.0,3298.0,2437.0
华为+nova6,诚信实拍数码,10.0,1916.08,2435.0
华为+nova5pro,能良数码官方旗舰店,10.0,1199.0,2431.0
华为+p30,创汇通达数码旗舰店,10.0,2199.0,2441.0
华为+nova4,oksj数码旗舰店,10.0,1068.0,2432.0
华为+p30,华子聚源手机专营店,10.0,4488.0,2433.0
华为+p30,启能数码专营店,10.0,2499.0,2434.0
三星+galaxynote10,千机网旗舰店,10.0,7999.0,2436.0
vivo+iqoo,青松数码2009,10.0,1868.0,2439.0
荣耀+v30,桃花数码,10.0,899.0,2440.0
三星+galaxynote10,许婵娟xx,10.0,3768.0,2438.0
荣耀+10,女神的衣柜2015,9.0,950.0,2448.0
华为+mate20pro,专注通讯数码小家,9.0,800.0,2448.0
华为+mate20,民讯通数码专营店,9.0,799.0,2446.0
华为+畅享10plus,wezebaba,9.0,938.0,2444.0
荣耀+8x,民讯通数码专营店,9.0,978.0,2445.0
华为+mate30pro,桦泰圣鹰手机,9.0,3199.0,2450.0
荣耀+9x,启能数码专营店,9.0,439.0,2451.0
荣耀+20i,卓瓦数码专营店,9.0,1159.0,2443.0
纽曼+,深圳易乐购数码专营店,8.0,399.0,2453.0
荣耀+v20,yuzunyi0423,8.0,2918.0,2457.0
apple+iphone7,子因数码专营店,8.0,2678.0,2453.5
锤子+坚果pro3,心萍通讯,8.0,2348.0,2459.0
华为+p30,华子聚源手机专营店,8.0,3388.0,2461.0
oppo+r17,三际数码官方旗舰店,8.0,2999.0,2456.0
三星+galaxynote10,家有羽翰,8.0,3900.0,2460.0
红米+8a,华飞数码专营店,8.0,678.0,2458.0
vivo+x27,诚信花木0102,8.0,1418.0,2454.0
华为+p30,tb628398367,7.0,2790.0,2467.0
oppo+findx,always1437,7.0,2499.0,2463.0
魅族+note8,启能数码专营店,7.0,575.0,2468.0
vivo+u1,大眼睛数码正品商城,7.0,658.0,2472.0
oppo+renoz,always1437,7.0,1780.0,2475.0
红米+7a,卓瓦数码专营店,7.0,459.0,2474.0
华为+mate30pro,创汇通达数码旗舰店,7.0,13488.0,2469.0
红米+note8,潍坊联通官方旗舰店,7.0,699.0,2472.0
红米+8a,敬旭业,7.0,615.0,2466.0
oppo+r17,oppo金谷专卖店,7.0,3399.0,2476.0
荣耀+v30,东利数码专营店,7.0,3299.0,2465.0
apple+iphone7plus,绯红悠游,7.0,2300.0,2464.0
华为+nova6,云科数码店,7.0,1886.11,2462.0
apple+iphone6,品优科技8886,7.0,1030.0,2470.0
apple+iphonex,奔跑的猪110,6.0,2180.0,2488.0
华为+p30,华子聚源手机专营店,6.0,2599.0,2479.0
apple+iphonexr,馨思服装有限公司,6.0,2180.0,2484.0
华为+p30,武汉电信旗舰,6.0,3388.0,2480.0
华为+p30,潍坊联通官方旗舰店,6.0,1299.0,2490.0
荣耀+20pro,天逸数码1688,6.0,1458.0,2478.0
oppo+a5,辉斯诺科技有限公司,6.0,360.0,2482.0
荣耀+v30,潍坊联通官方旗舰店,6.0,899.0,2483.0
荣耀+v30,高兴干嘛,6.0,899.0,2481.0
荣耀+v20,久汇数码专营店,6.0,1099.0,2486.0
华为+mate30,乐哇数码专营店,6.0,2099.0,2492.0
vivo+iqoo,fyb2001520,6.0,1998.0,2489.6666666666665
oppo+r17,时器数码专营店,6.0,1299.0,2488.0
华为+mate30pro,京联通达数码旗舰店,6.0,1499.0,2477.0
华为+p30,沙丁数码专营店,5.0,888.0,2497.0
华为+p30,笆笆拉科技,5.0,2800.0,2494.5
华为+mate20pro,武汉电信旗舰,5.0,3999.0,2504.0
小米+mix3,创起数码专营店,5.0,2388.0,2509.0
oppo+r17pro,能良数码官方旗舰店,5.0,1199.0,2510.0
海信+a6,民讯通数码专营店,5.0,2688.0,2498.0
红米+8a,df5738,5.0,749.0,2503.0
红米+k20pro,ryang275492354,5.0,1399.0,2505.5
红米+note8,启能数码专营店,5.0,1799.0,2499.5
华为+p30,正飞中博数码旗舰店,5.0,3999.0,2496.0
oppo+a9,aixiaosihu,5.0,1999.0,2502.0
oppo+findx,oppo银通亿禾专卖店,5.0,2499.0,2501.0
魅族+16,万通郑捷数码专营店,5.0,794.0,2507.5
华为+p30,久汇数码专营店,4.0,2199.0,2517.0
华为+mate20x,旭翼数码专营店,4.0,3899.0,2518.0
华为+nova4,浙江移动官方旗舰店,4.0,1548.0,2518.5
lg+v50,czlwy000,4.0,1499.0,2520.0
华为+nova5pro,宝海天数码旗舰店,4.0,1999.0,2522.0
vivo+z5x,skhh811000,4.0,1088.0,2523.0
apple+iphonexsmax,星光数码10,4.0,5299.0,2521.0
oppo+a9,0lingyu0,4.0,1388.0,2524.0
oppo+findx,骏灿数码专营店,4.0,3999.0,2516.0
vivo+x27pro,京联通达数码旗舰店,4.0,3298.0,2514.0
华为+mate30pro,chenzhenshan520,4.0,3416.0,2516.0
vivo+x27,长歌小轩,4.0,2498.0,2515.0
oppo+r17,oppo普天精诚专卖店,4.0,3399.0,2511.0
vivo+z5x,梦微数码,3.0,988.0,2529.0
vivo+z5x,梦微数码,3.0,989.0,2527.0
华为+nova5,易橙数码专营店,3.0,1899.0,2534.0
纽曼+,赫尔曼数码专营店,3.0,198.0,2538.0
vivo+x27,中国移动官方旗舰店,3.0,4998.0,2537.0
小米+小米9,同迅数码专营店,3.0,3698.0,2532.0
oppo+r17,佳惠兴通数码专营店,3.0,3399.0,2530.0
华为+nova6,深港通信专卖,3.0,1979.0,2535.0
oppo+findx,出尘品牌店,3.0,2498.0,2536.0
oppo+r17,oppo普天精诚专卖店,3.0,3999.0,2531.0
apple+iphonex,吉祥如意88866688,3.0,3000.0,2526.0
oppo+r17,乐语数码旗舰店,3.0,3999.0,2533.0
华为+p30,同迅数码专营店,3.0,6899.0,2528.0
oppo+k5,always1437,2.0,980.0,2543.0
华为+p30,民讯通数码专营店,2.0,1099.0,2544.0
努比亚+红魔,白开水的点燃方式,2.0,399.0,2542.0
华为+p30,亿品汇数码专营,2.0,1919.0,2540.0
oppo+k5,怡家土特产,2.0,999.0,2540.0
华为+p30,玩风数码专营店,1.0,1799.0,2549.0
华为+mate20x,中电嘉信数码专营店,1.0,2999.0,2551.0
荣耀+v20,创汇通达数码旗舰店,1.0,3899.0,2553.0
红米+7a,民讯通数码专营店,1.0,659.0,2555.0
apple+iphone11,能良数码官方旗舰店,1.0,8599.0,2554.0
黑鲨+,新创野数码专营店,1.0,2288.0,2547.5
纽曼+,乐恒创数码专营店,1.0,98.0,2550.0
小米+mix3,创起数码专营店,1.0,999.0,2546.0
荣耀+v20,启能数码专营店,1.0,999.0,2552.0
三星+galaxynote10,wxy优优,1.0,3758.0,2545.0
