title,store,Unnamed: 0,sells,price
荣耀+10,['荣耀京东自营旗舰店'],107.93,2657891,1565.11
荣耀+8x,['荣耀京东自营旗舰店'],107.22,2441595,1397.52
apple+iphonexr,['Apple产品京东自营旗舰店'],37.33,2060950,5695.66
apple+iphone8plus,['Apple产品京东自营旗舰店'],74.0,1743670,5265.22
apple+iphone8,['Apple产品京东自营旗舰店'],87.0,1336573,4263.0
华为+p30,['华为京东自营官方旗舰店'],101.17,1135958,4562.9
apple+iphonexsmax,['Apple产品京东自营旗舰店'],57.0,1133384,7497.95
apple+iphone11,['Apple产品京东自营旗舰店'],116.33,1035771,8680.65
荣耀+20,['荣耀京东自营旗舰店'],979.75,757592,1636.5
荣耀+20i,['荣耀京东自营旗舰店'],72.0,721761,1349.0
红米+k20pro,['小米京东自营旗舰店'],95.29,683132,2506.14
华为+畅享9plus,['华为京东自营官方旗舰店'],52.67,610721,1532.33
小米+小米9,['小米京东自营旗舰店'],190.14,489986,3345.43
华为+mate20,['华为京东自营官方旗舰店'],32.5,431616,3429.0
vivo+z5x,['vivo京东自营官方旗舰店'],105.75,422038,1414.67
华为+nova4,['华为京东自营官方旗舰店'],1752.0,399690,2175.0
apple+iphonexs,['Apple产品京东自营旗舰店'],130.67,391583,6742.89
vivo+iqoo,['vivo京东自营官方旗舰店'],844.08,386173,2688.59
小米+cc9,['小米京东自营旗舰店'],195.9,381287,1822.33
红米+7,['小米京东自营旗舰店'],175.4,381248,1459.0
一加+7pro,['一加手机京东自营官方旗舰店'],86.33,370226,4231.98
华为+畅享8,['华为京东自营官方旗舰店'],2195.0,355023,624.0
华为+mate20pro,['华为京东自营官方旗舰店'],2197.5,348455,5319.84
真我+x,['realme真我京东自营旗舰店'],289.55,344787,1921.73
华为+mate30pro,['华为京东自营官方旗舰店'],1144.0,343823,6640.67
红米+note8,['小米京东自营旗舰店'],73.33,341485,1132.33
飞利浦+e106,['飞利浦手机京东自营旗舰店'],171.0,335941,99.0
华为+nova5pro,['华为京东自营官方旗舰店'],58.5,313839,3232.34
oppo+k1,['OPPO京东自营官方旗舰店'],2092.5,307948,1236.65
华为+mate30,['华为京东自营官方旗舰店'],1670.83,293728,7965.67
一加+7,['一加手机京东自营官方旗舰店'],121.5,289243,3257.5
华为+nova5,['华为京东自营官方旗舰店'],131.6,270324,2339.0
魅族+16,['魅族京东自营旗舰店'],173.56,249819,2142.44
oppo+k3,['OPPO京东自营官方旗舰店'],139.33,227902,1911.88
荣耀+magic2,['荣耀京东自营旗舰店'],375.5,225069,2465.67
vivo+z5,['vivo京东自营官方旗舰店'],270.0,220734,1685.5
小米+max3,['小米京东自营旗舰店'],68.5,204851,1149.0
红米+8a,['小米京东自营旗舰店'],173.5,202093,674.0
oppo+a5,['OPPO京东自营官方旗舰店'],104.0,192983,924.0
小米+mix2s,['小米京东自营旗舰店'],93.5,185261,1949.0
华为+nova3i,['华为京东自营官方旗舰店'],90.0,178543,1549.0
oppo+reno,['OPPO京东自营官方旗舰店'],937.2,166373,3442.42
小米+小米9se,['小米京东自营旗舰店'],108.67,162278,1599.0
红米+7a,['小米京东自营旗舰店'],93.0,155298,569.0
apple+iphone11promax,['Apple产品京东自营旗舰店'],155.0,143511,11688.34
华为+畅享10plus,['华为京东自营官方旗舰店'],1921.33,135584,1739.91
华为+畅享9,['华为京东自营官方旗舰店'],94.5,132586,1011.5
魅族+x8,['魅族京东自营旗舰店'],148.0,122245,982.0
黑鲨+,['黑鲨京东自营官方旗舰店'],184.75,114904,2756.25
红米+k20,['小米京东自营旗舰店'],125.5,110545,1749.0
真我+真我q,['realme真我京东自营旗舰店'],154.67,92465,1317.36
oppo+k5,['OPPO京东自营官方旗舰店'],219.0,89740,2193.48
vivo+u3x,['vivo京东自营官方旗舰店'],170.33,87027,872.33
vivo+iqoo,['vivo官方旗舰店'],1057.92,85936,2630.99
红米+7a,['佳沪手机旗舰店'],429.0,72272,503.0
vivo+x27,['vivo京东自营官方旗舰店'],148.0,68931,2648.0
vivo+z3,['vivo官方旗舰店'],212.0,66301,1259.11
努比亚+红魔3,['努比亚京东自营旗舰店'],318.8,65615,3056.37
三星+galaxya60,['三星手机京东自营官方旗舰店'],211.5,65488,1749.0
锤子+坚果r1,['坚果手机京东自营旗舰店'],155.5,61360,2249.0
三星+galaxys10,['三星手机京东自营官方旗舰店'],227.0,59479,6249.0
魅族+note9,['魅族京东自营旗舰店'],167.0,54564,1149.0
荣耀+9i,['疆界互联旗舰店'],252.5,53411,1124.0
荣耀+v30,['荣耀京东自营旗舰店'],2167.75,52305,3936.5
美图+t9,['美图京东自营官方旗舰店'],162.5,51916,1232.34
飞利浦+e517,['飞利浦手机京东自营旗舰店'],179.0,50630,239.0
三星+galaxys10+,['三星手机京东自营官方旗舰店'],348.0,49540,8899.0
apple+iphone7,['扬帆二手商品专营店'],1413.71,45357,1726.62
apple+iphone11,['佳沪手机旗舰店'],1225.88,43650,8473.12
apple+iphone8plus,['佳沪手机旗舰店'],485.33,42379,5252.83
vivo+u1,['vivo官方旗舰店'],270.0,40896,1032.33
apple+iphonexr,['佳沪手机旗舰店'],1441.0,39603,5212.22
三星+galaxynote10,['三星手机京东自营官方旗舰店'],3018.83,36111,7657.33
oppo+renoz,['OPPO京东自营官方旗舰店'],206.5,36091,2268.64
apple+iphone11,['中国移动手机官方旗舰店'],1456.55,35678,8043.82
apple+iphone7,['经典二手商品专营店'],2123.25,33455,1616.72
oppo+k3,['OPPO手机乐良专卖店'],1214.5,32833,1871.22
apple+iphone8,['佳沪手机旗舰店'],830.0,31417,3761.67
oppo+reno10,['OPPO京东自营官方旗舰店'],354.0,31283,4011.5
华为+p30,['福气多多手机旗舰店'],806.57,31275,4281.43
天语+s8,['天语手机京东自营官方旗舰店'],206.0,29839,181.5
联想+z5,['联想手机京东自营官方旗舰店'],233.5,29458,997.5
apple+iphone7,['马上优品二手商品旗舰店'],1246.12,28284,1778.46
华为+nova6,['华为京东自营官方旗舰店'],1241.0,27862,3675.67
华为+p30,['掌视界数码旗舰店'],1139.92,27336,4413.58
红米+7,['佳沪手机旗舰店'],1218.17,26805,858.89
魅族+16xs,['魅族京东自营旗舰店'],229.5,24281,1599.0
努比亚+x,['努比亚京东自营旗舰店'],628.0,23069,2632.33
vivo+u3x,['vivo官方旗舰店'],1313.33,22492,869.0
荣耀+8x,['牧申手机旗舰店'],887.0,22175,1151.44
vivo+z5,['vivo官方旗舰店'],883.86,22049,1726.57
apple+iphone7,['佳沪手机旗舰店'],986.0,21812,3511.42
努比亚+红魔,['努比亚京东自营旗舰店'],239.0,21649,1999.0
apple+iphone11,['同达丰手机旗舰店'],1236.0,20747,7741.63
apple+iphonexsmax,['佳沪手机旗舰店'],1148.75,18476,8090.67
锤子+坚果pro3,['坚果手机京东自营旗舰店'],2178.0,17794,3101.5
oppo+a5,['OPPO手机乐良专卖店'],1110.14,16838,963.29
apple+iphone7,['发动机优品二手手机专营店'],1699.86,16663,1671.96
oppo+k3,['OPPO酷炫手机专卖店'],491.5,16584,1793.79
中兴+bladea7,['中兴京东自营官方旗舰店'],279.0,16415,573.5
荣耀+8x,['OKSJ手机旗舰店'],345.33,15631,1107.53
联想+z5pro,['联想手机京东自营官方旗舰店'],275.5,15585,1288.5
apple+iphone11,['疆界互联旗舰店'],2254.17,14824,7824.26
apple+iphonexs,['佳沪手机旗舰店'],1858.5,14615,9403.5
华为+p30,['OKSJ手机旗舰店'],653.71,14401,4304.9
vivo+x27,['vivo官方旗舰店'],1009.25,13874,2648.0
荣耀+20i,['京铠玄手机旗舰店'],530.67,13870,1364.69
小米+小米9,['疆界互联旗舰店'],1701.89,13745,3616.12
荣耀+10,['疆界互联旗舰店'],1646.33,13734,1550.77
荣耀+10,['掌视界数码旗舰店'],995.33,13716,1068.78
华为+mate20pro,['疆界互联旗舰店'],1995.5,13630,4986.08
华为+nova4,['掌视界数码旗舰店'],768.4,13345,1636.22
红米+7,['明日数码旗舰店'],765.4,13149,887.25
apple+iphonex,['马上优品二手商品旗舰店'],1838.88,12650,3848.4
apple+iphonex,['泰业优品二手手机旗舰店'],2405.48,12247,4430.09
荣耀+8x,['掌视界数码旗舰店'],508.0,12181,1151.17
apple+iphone11,['炜东电商旗舰店'],1435.83,11604,7761.62
华为+nova4,['京铠玄手机旗舰店'],1226.0,11569,1343.0
apple+iphone7,['泰业优品二手手机旗舰店'],1509.45,11537,1778.8
apple+iphone11,['新松联手机旗舰店'],1788.0,11229,8692.94
华为+nova5pro,['炜东电商旗舰店'],410.0,11046,2699.0
华为+nova5,['京铠玄手机旗舰店'],1243.57,10960,1898.05
oppo+reno,['OPPO酷炫手机专卖店'],1846.5,10857,3056.64
华为+nova5pro,['久汇通官方旗舰店'],1127.5,10828,2738.5
红米+7,['伟德手机专营店'],988.5,10802,745.5
oppo+r17,['OPPO官方直营旗舰店'],350.5,10572,2806.14
华为+畅享9,['众盛手机专营店'],2090.3,10483,948.97
apple+iphonex,['瓜子二手商品专营店'],2377.25,10482,3943.91
oppo+reno,['OPPO手机乐良专卖店'],1553.55,10046,3414.79
华为+畅享9plus,['聚捷联盛手机旗舰店'],1141.0,9934,1157.29
荣耀+9x,['牧申手机旗舰店'],1149.83,9920,1597.99
apple+iphone11,['明日数码旗舰店'],2636.07,9708,7702.4
红米+note8,['佳沪手机旗舰店'],868.71,9682,1255.75
小米+小米8,['掌视界数码旗舰店'],1397.0,9582,1217.12
小米+小米8,['疆界互联旗舰店'],1832.0,9036,1436.25
华为+畅享9,['佳沪手机旗舰店'],1834.57,8892,1040.48
apple+iphone7,['福汇优品二手手机专营店'],2077.68,8376,1685.88
华为+mate20,['炜东电商旗舰店'],956.75,8336,2949.0
小米+小米8,['谷高数码手机专营店'],1273.33,8280,2150.72
apple+iphonexr,['明日数码旗舰店'],2250.0,8176,5053.17
荣耀+v20,['佳沪手机旗舰店'],660.0,8138,1840.8
apple+iphone11,['茄子手机旗舰店'],2898.41,8073,7175.42
红米+8a,['佳沪手机旗舰店'],1228.5,8023,683.67
荣耀+20i,['炜东电商旗舰店'],771.25,7921,1349.83
中兴+bladev10,['中兴京东自营官方旗舰店'],417.0,7869,879.0
华为+nova4,['福气多多手机旗舰店'],1200.4,7837,1957.33
华为+nova5,['久汇通官方旗舰店'],1269.88,7813,2116.5
华为+mate30pro,['掌视界数码旗舰店'],1086.86,7806,6875.19
荣耀+9x,['新松联手机旗舰店'],1411.14,7677,1696.5
apple+iphone11,['咪咕旗舰店'],963.0,7586,5877.56
华为+nova5pro,['掌视界数码旗舰店'],585.5,7543,2698.0
oppo+k5,['OPPO官方直营旗舰店'],508.5,7252,2116.86
华为+nova4,['炜东电商旗舰店'],1479.0,6989,1201.0
apple+iphone11,['聚捷联盛手机旗舰店'],2722.33,6970,6713.65
荣耀+8x,['疆界互联旗舰店'],1387.0,6874,1196.24
apple+iphone7,['瓜子二手商品专营店'],407.0,6861,1240.92
apple+iphonexr,['炜东电商旗舰店'],1280.33,6807,5304.94
荣耀+10,['牧申手机旗舰店'],856.0,6749,1061.67
apple+iphone7,['可多优品二手手机专营店'],2288.63,6593,1815.65
华为+畅享9,['京铠玄手机旗舰店'],954.4,6447,1010.03
华为+mate30pro,['福气多多手机旗舰店'],1829.44,6360,6893.63
荣耀+9x,['聚捷联盛手机旗舰店'],1223.75,6324,1518.88
apple+iphone8plus,['疆界互联旗舰店'],2131.5,6316,4719.0
小米+小米8,['闲至优品二手手机旗舰店'],2025.5,6290,1335.37
华为+畅享9,['华信通手机专营店'],1217.2,6192,890.1
apple+iphone11promax,['佳沪手机旗舰店'],1342.86,6120,10520.96
华为+畅享10plus,['久汇通官方旗舰店'],1623.0,6040,1765.0
oppo+k3,['OPPO优品专卖店'],560.0,6009,1748.96
荣耀+9x,['千瑞达手机旗舰店'],818.75,5943,1511.5
荣耀+10,['炜东电商旗舰店'],1415.5,5897,1046.61
华为+畅享9,['宏图手机专营店'],872.67,5839,868.67
vivo+iqoo,['vivo兰珊专卖店'],2400.44,5772,2992.79
荣耀+9x,['疆界互联旗舰店'],1980.0,5715,1661.16
小米+小米9se,['疆界互联旗舰店'],1599.5,5708,2257.31
apple+iphonex,['万城优品二手手机专营店'],3062.85,5617,3875.25
红米+note8,['伟德手机专营店'],1188.0,5509,1276.25
华为+畅享9,['炜东电商旗舰店'],599.67,5462,842.33
vivo+iqoo,['vivo耀诚鑫专卖店'],2138.93,5385,2962.64
oppo+k3,['牧申手机旗舰店'],625.5,5381,1703.55
华为+mate20pro,['掌视界数码旗舰店'],700.33,5380,4665.67
小米+cc9,['疆界互联旗舰店'],2259.73,5369,1880.14
华为+畅享9plus,['炜东电商旗舰店'],484.5,5334,1129.0
荣耀+9x,['OKSJ手机旗舰店'],1152.75,5300,1561.5
华为+mate30,['掌视界数码旗舰店'],869.0,5277,4699.0
华为+mate20pro,['佳沪手机旗舰店'],927.33,5268,4665.67
apple+iphone8,['经典二手商品专营店'],3092.83,5263,2374.17
oppo+reno,['OPPO优品专卖店'],1495.62,5176,3248.52
华为+mate20,['掌视界数码旗舰店'],1079.0,5085,3239.0
红米+7a,['明日数码旗舰店'],954.75,5024,505.08
荣耀+20i,['掌视界数码旗舰店'],2110.0,5023,1365.67
红米+note8,['疆界互联旗舰店'],1451.43,4930,1259.38
荣耀+9x,['明日数码旗舰店'],1466.0,4930,1549.0
荣耀+20,['佳沪手机旗舰店'],1004.25,4873,2024.0
中兴+axon10pro,['中兴京东自营官方旗舰店'],739.67,4858,3699.0
荣耀+20i,['佳沪手机旗舰店'],794.0,4857,1365.67
华为+p30,['天翼电信旗舰店'],1973.08,4826,4428.17
oppo+k5,['OPPO手机乐良专卖店'],2024.5,4801,2099.0
apple+iphone11,['淘金手机专营店'],2783.0,4768,7986.14
apple+iphonex,['发动机优品二手手机专营店'],2964.62,4726,4031.9
华为+nova4,['京联通达旗舰店'],1108.5,4723,1465.34
oppo+reno,['OPPO墨白专卖店'],1501.1,4641,3156.55
魅族+16,['佳沪手机旗舰店'],1651.33,4637,2223.28
apple+iphone7,['马顺二手商品专营店'],2411.6,4560,1688.85
荣耀+8x,['京铠玄手机旗舰店'],1095.0,4463,1408.63
oppo+a5,['牧申手机旗舰店'],1423.5,4460,874.0
华为+nova5pro,['千瑞达手机旗舰店'],914.33,4452,2839.0
三星+galaxya70,['三星手机京东自营官方旗舰店'],536.5,4440,2649.0
oppo+reno,['头号卖家旗舰店'],1408.17,4432,2810.11
华为+畅享10plus,['炜东电商旗舰店'],740.67,4418,1665.67
apple+iphone7,['鸿兴优品二手手机专营店'],2990.8,4379,1783.94
apple+iphone11,['东源海外专营店'],2807.94,4365,6661.49
小米+cc9,['佳沪手机旗舰店'],1865.7,4191,1799.13
华为+nova5pro,['佳沪手机旗舰店'],797.5,4137,2699.0
oppo+a5,['OPPO优品专卖店'],680.0,4118,982.33
华为+mate20pro,['炜东电商旗舰店'],614.0,4105,4299.0
荣耀+9x,['佳沪手机旗舰店'],1359.17,4082,1692.97
vivo+z5x,['vivo智美专卖店'],1102.75,4043,1331.75
华为+nova5pro,['明日数码旗舰店'],2461.5,4032,2788.5
华为+畅享9plus,['牧申手机旗舰店'],911.33,3991,1181.83
荣耀+20,['疆界互联旗舰店'],2322.9,3960,1744.4
华为+p30,['聚捷联盛手机旗舰店'],1842.56,3883,4340.04
华为+畅享10plus,['新松联手机旗舰店'],1001.33,3857,1665.67
真我+x,['realme真我官方旗舰店'],788.33,3849,3610.11
apple+iphonexsmax,['新松联手机旗舰店'],1128.0,3827,6488.0
oppo+k5,['OPPO优品专卖店'],640.0,3801,2095.88
apple+iphonexsmax,['马上优品二手商品旗舰店'],1588.17,3778,5199.53
apple+iphonexr,['鹏瑶旗舰店'],2024.83,3734,5051.5
华为+mate20,['福气多多手机旗舰店'],1909.0,3712,2947.75
apple+iphone11promax,['炜东电商旗舰店'],1478.33,3702,10369.67
华为+mate30,['同达丰手机旗舰店'],1426.0,3676,5102.67
oppo+k3,['OPPO墨白专卖店'],574.0,3637,1763.28
apple+iphonexr,['疆界互联旗舰店'],1629.0,3631,4928.33
华为+mate30,['福气多多手机旗舰店'],1236.67,3599,4996.5
apple+iphone7,['海之博优品二手商品专营店'],1724.83,3577,1831.5
荣耀+9x,['炜东电商旗舰店'],1359.0,3561,1549.0
vivo+u3x,['vivo兰珊专卖店'],853.0,3560,943.44
apple+iphone7,['万城优品二手手机专营店'],1634.83,3559,1410.11
红米+k20pro,['明日数码旗舰店'],2026.0,3527,2491.75
apple+iphone8plus,['泰业优品二手手机旗舰店'],2072.71,3518,3064.29
红米+7a,['伟德手机专营店'],879.5,3513,517.25
apple+iphone8plus,['鸿兴优品二手手机专营店'],3086.4,3482,3401.92
华为+nova5pro,['福气多多手机旗舰店'],1623.0,3468,2699.0
华为+畅享9,['欧霖爵手机旗舰店'],2569.88,3422,1055.88
红米+note7pro,['明日数码旗舰店'],1140.0,3403,1057.62
oppo+k5,['头号卖家旗舰店'],658.0,3397,2099.0
apple+iphonex,['可多优品二手手机专营店'],1280.5,3388,3722.71
华为+nova5,['千瑞达手机旗舰店'],1697.83,3387,2254.56
apple+iphonex,['鸿兴优品二手手机专营店'],3174.3,3378,4243.7
小米+小米9,['佳沪手机旗舰店'],1350.33,3368,4059.67
vivo+iqoo,['vivo智美专卖店'],1730.56,3365,2866.36
oppo+findx,['闲至优品二手手机旗舰店'],2751.5,3357,4887.33
荣耀+10,['福气多多手机旗舰店'],584.0,3340,2249.0
华为+畅享9plus,['千瑞达手机旗舰店'],1389.5,3302,1115.75
华为+畅享10plus,['掌视界数码旗舰店'],835.0,3244,1674.0
apple+iphone8,['万城优品二手手机专营店'],2139.5,3230,2271.5
华为+nova4,['疆界互联旗舰店'],1261.33,3208,2733.75
apple+iphonexs,['马上优品二手商品旗舰店'],2191.83,3144,4611.44
荣耀+v20,['炜东电商旗舰店'],1894.5,3140,2047.16
华为+nova4,['茄子手机旗舰店'],895.5,3019,1226.5
apple+iphone7,['同城帮二手商品专营店'],1513.57,3006,1562.0
apple+iphone11,['牧申手机旗舰店'],1787.33,3004,5939.22
华为+畅享9plus,['众盛手机专营店'],1800.2,2992,1212.5
小米+小米8,['聚捷联盛手机旗舰店'],1466.25,2947,1314.0
apple+iphone8,['同城帮二手商品专营店'],1933.25,2936,2218.75
华为+nova5pro,['OKSJ手机旗舰店'],760.5,2909,2699.0
apple+iphone11promax,['茄子手机旗舰店'],2009.75,2892,10443.62
华为+畅享9,['茄子手机旗舰店'],1402.5,2889,940.88
apple+iphonexr,['发动机优品二手手机专营店'],2476.11,2886,3840.87
荣耀+v20,['新松联手机旗舰店'],735.5,2880,1825.0
荣耀+8x,['新松联手机旗舰店'],997.67,2867,1085.6
华为+mate30pro,['佳沪手机旗舰店'],1863.67,2860,6993.44
魅族+x8,['佳沪手机旗舰店'],902.33,2859,1131.22
apple+iphone8plus,['扬帆二手商品专营店'],946.0,2844,2914.62
荣耀+10,['新松联手机旗舰店'],1974.0,2832,1034.83
华为+p30,['新松联手机旗舰店'],1793.29,2822,4273.71
apple+iphone11promax,['中国移动手机官方旗舰店'],1948.33,2784,11267.5
荣耀+20,['掌视界数码旗舰店'],1384.25,2739,1997.75
华为+mate30,['炜东电商旗舰店'],1847.62,2737,4699.0
apple+iphone8plus,['发动机优品二手手机专营店'],2588.5,2692,3193.85
小米+mix3,['聚捷联盛手机旗舰店'],1648.5,2685,3443.38
apple+iphonex,['世讯通二手手机专营店'],687.5,2666,3499.0
华为+p30,['京联通达旗舰店'],1567.67,2660,3754.67
apple+iphone7,['拍拍二手自营旗舰店'],2077.45,2656,2020.51
apple+iphone11,['京联通达旗舰店'],1429.67,2653,5965.67
oppo+a5,['唯尔优品二手商品专营店'],1584.5,2652,395.0
apple+iphone11,['壹思海外专营店'],3000.08,2640,5631.07
华为+mate30pro,['臻火旗舰店'],1466.33,2618,7099.0
华为+畅享9plus,['新松联手机旗舰店'],1013.33,2618,1121.33
apple+iphone11promax,['同达丰手机旗舰店'],1472.0,2601,10810.5
oppo+renoz,['OPPO酷炫手机专卖店'],800.0,2600,2249.0
红米+k20,['疆界互联旗舰店'],1313.33,2575,1646.33
华为+nova4,['同达丰手机旗舰店'],1932.5,2570,1135.66
华为+nova5pro,['京铠玄手机旗舰店'],1044.0,2555,2699.0
荣耀+9x,['京铠玄手机旗舰店'],1580.75,2553,1505.88
华为+畅享9,['掌视界数码旗舰店'],990.0,2549,886.5
vivo+u3x,['vivo耀诚鑫专卖店'],1367.5,2546,949.0
apple+iphonex,['扬帆二手商品专营店'],2542.17,2543,3555.38
oppo+k5,['东呵东手机专营店'],2723.29,2537,2070.43
apple+iphone7,['闪回二手商品专营店'],1404.67,2524,1876.78
华为+畅享9,['千瑞达手机旗舰店'],2152.57,2520,927.84
apple+iphone11promax,['疆界互联旗舰店'],2634.78,2502,10842.0
荣耀+20pro,['疆界互联旗舰店'],1961.0,2500,2592.33
华为+畅享9plus,['同达丰手机旗舰店'],883.0,2477,1132.34
vivo+z5x,['vivo官方旗舰店'],703.5,2467,1448.0
apple+iphonexs,['发动机优品二手手机专营店'],2639.4,2455,4920.57
魅族+16x,['谷高数码手机专营店'],707.5,2450,1182.3
荣耀+20,['天翼电信旗舰店'],761.0,2420,2421.5
apple+iphonex,['岗隆手机专营店'],2011.17,2412,6955.67
华为+畅享9,['伟德手机专营店'],2307.0,2409,803.75
apple+iphone11promax,['明日数码旗舰店'],2727.8,2396,10667.75
华为+nova5pro,['京合旗舰店'],763.0,2377,2704.83
apple+iphonexr,['XINKE海外专营店'],1923.0,2367,3638.0
oppo+renoz,['OPPO墨白专卖店'],717.0,2360,2240.66
apple+iphonexr,['茄子手机旗舰店'],1732.0,2354,4949.67
华为+mate20x,['疆界互联旗舰店'],1737.6,2352,6885.67
荣耀+10,['聚捷联盛手机旗舰店'],1425.2,2351,1350.15
荣耀+20i,['千瑞达手机旗舰店'],1714.5,2316,1307.33
华为+nova5pro,['聚捷联盛手机旗舰店'],1452.25,2303,2708.5
一加+7,['疆界互联旗舰店'],2896.05,2292,4091.86
oppo+renoz,['OPPO官方直营旗舰店'],1505.0,2268,2238.67
荣耀+magic2,['牧申手机旗舰店'],1753.5,2268,2125.66
红米+8a,['明日数码旗舰店'],1516.0,2266,671.5
小米+小米8,['众盛手机专营店'],989.67,2261,1186.22
apple+iphonexr,['新松联手机旗舰店'],817.0,2257,4626.33
荣耀+20i,['新松联手机旗舰店'],1422.0,2252,1242.17
荣耀+20pro,['OKSJ手机旗舰店'],757.0,2250,2811.5
荣耀+20pro,['天翼电信旗舰店'],753.5,2243,2745.67
黑鲨+,['疆界互联旗舰店'],2392.71,2237,3016.94
小米+mix2s,['闲至优品二手手机旗舰店'],1184.67,2222,1375.67
apple+iphone7,['丰泽优品二手商品专营店'],1956.0,2216,2204.11
vivo+z5x,['vivo耀诚鑫专卖店'],1334.25,2213,1462.29
oppo+a5,['OPPO盈毅手机专卖店'],1972.5,2210,982.33
apple+iphone7,['新松联手机旗舰店'],749.5,2185,3529.75
华为+畅享10plus,['千瑞达手机旗舰店'],1189.33,2162,1663.17
努比亚+红魔,['茄子手机旗舰店'],2268.83,2144,2366.22
apple+iphone11,['XINKE海外专营店'],3029.25,2138,6163.25
华为+mate30pro,['新松联手机旗舰店'],1869.8,2135,6658.5
apple+iphonex,['疆界互联旗舰店'],954.0,2119,6384.63
华为+nova4,['聚捷联盛手机旗舰店'],1137.5,2116,1213.66
华为+畅享9,['聚捷联盛手机旗舰店'],1176.33,2113,922.33
华为+畅享9,['明日数码旗舰店'],1799.14,2111,836.46
红米+k20pro,['佳沪手机旗舰店'],1525.25,2106,2356.75
华为+nova5pro,['同达丰手机旗舰店'],1647.67,2095,2699.0
oppo+k5,['牧申手机旗舰店'],1253.0,2079,2099.0
华为+mate20,['牧申手机旗舰店'],1920.75,2070,2860.81
apple+iphonexsmax,['弘朝二手商品专营店'],3298.6,2048,5782.6
apple+iphone11,['联通华盛手机旗舰店'],2038.0,2045,5862.0
红米+7,['淘金手机专营店'],1969.5,2045,841.33
华为+mate30pro,['炜东电商旗舰店'],1684.75,2043,6814.0
魅族+16,['谷高数码手机专营店'],2144.71,2016,2475.49
华为+畅享10plus,['优品美手机专营店'],1349.0,1989,1665.67
vivo+s1pro,['vivo官方旗舰店'],1150.67,1988,1998.0
华为+mate20,['聚捷联盛手机旗舰店'],1229.5,1934,2491.0
魅族+16,['淘金手机专营店'],1421.33,1918,3064.25
华为+mate20,['闲至优品二手手机旗舰店'],811.0,1898,1934.0
apple+iphone7,['海星优品二手手机专营店'],2775.3,1896,1610.5
华为+mate20pro,['闲至优品二手手机旗舰店'],2874.75,1878,6220.19
红米+note8,['新松联手机旗舰店'],1526.17,1874,1220.28
荣耀+10,['闲至优品二手手机旗舰店'],819.5,1870,1279.0
华为+nova5,['炜东电商旗舰店'],1443.8,1867,1899.0
apple+iphone8,['扬帆二手商品专营店'],1895.5,1863,2360.44
红米+k20pro,['疆界互联旗舰店'],2182.0,1847,2463.94
华为+mate30,['佳沪手机旗舰店'],1863.83,1826,4882.33
华为+p30,['千瑞达手机旗舰店'],1641.0,1787,3705.6
红米+7,['众盛手机专营店'],2217.17,1784,993.46
oppo+r17pro,['OPPO官方直营旗舰店'],901.0,1768,3149.0
华为+p30,['久汇通官方旗舰店'],2887.29,1764,4310.86
apple+iphone8plus,['闪回二手商品专营店'],923.5,1751,2914.62
华为+nova5,['臻火旗舰店'],859.0,1748,1599.0
apple+iphone11promax,['新松联手机旗舰店'],1743.67,1746,10412.17
apple+iphonex,['零度二手商品专营店'],3440.56,1741,4461.03
华为+畅享9plus,['京铠玄手机旗舰店'],1499.67,1740,1142.0
华为+畅享9,['疆界互联旗舰店'],1653.67,1736,906.0
华为+nova6,['久汇通官方旗舰店'],3054.83,1727,3782.33
华为+p30,['众宇通手机专营店'],2321.73,1726,4456.18
华为+mate30pro,['同达丰手机旗舰店'],2259.71,1725,7001.0
apple+iphone11,['鹏瑶旗舰店'],2226.5,1711,5723.75
小米+小米8,['闪回二手商品专营店'],1460.5,1677,1436.75
华为+mate20pro,['千瑞达手机旗舰店'],1094.67,1660,4821.22
华为+nova4,['众盛手机专营店'],1105.0,1655,1299.0
华为+nova4,['佳沪手机旗舰店'],1545.5,1651,1151.84
apple+iphone8plus,['可多优品二手手机专营店'],2289.0,1646,2923.95
华为+畅享9plus,['欧霖爵手机旗舰店'],2254.0,1641,1249.0
荣耀+v30,['新松联手机旗舰店'],3278.91,1638,3901.5
小米+小米9,['淘金手机专营店'],1560.25,1638,2699.75
魅族+x8,['淘金手机专营店'],1127.33,1624,1124.67
小米+cc9,['炜东电商旗舰店'],1502.33,1619,2218.83
华为+nova5,['佳沪手机旗舰店'],2182.43,1608,1970.43
红米+note8,['茄子手机旗舰店'],1476.5,1561,1407.17
apple+iphone7,['焕新二手商品专营店'],2687.25,1559,1588.04
华为+nova5,['严集手机旗舰店'],2125.6,1558,2019.0
华为+畅享9,['牧申手机旗舰店'],1377.33,1557,888.75
apple+iphone7,['弘朝二手商品专营店'],3033.0,1552,1728.85
红米+note8,['淘金手机专营店'],1860.43,1550,1282.76
红米+7,['华信通手机专营店'],1291.0,1536,732.0
华为+mate20,['众宇通手机专营店'],1567.33,1523,2999.0
荣耀+v30,['佳沪手机旗舰店'],1579.25,1518,3774.0
华为+p30,['发动机优品二手手机专营店'],3217.95,1502,3270.12
小米+小米9,['谷高数码手机专营店'],2149.12,1497,2891.58
apple+iphone8,['泰业优品二手手机旗舰店'],2273.25,1483,2609.19
红米+note8,['同达丰手机旗舰店'],1649.5,1475,1220.0
apple+iphone11,['发动机优品二手手机专营店'],3599.84,1471,6534.94
apple+iphone7,['鹏瑶旗舰店'],1455.5,1467,3224.25
华为+畅享9plus,['淘金手机专营店'],2109.33,1465,1309.17
红米+7a,['众盛手机专营店'],1193.33,1463,536.33
红米+note8,['明日数码旗舰店'],2029.14,1458,1275.54
荣耀+v20,['京联通达旗舰店'],1317.0,1445,2128.5
华为+p30,['头号卖家旗舰店'],2167.17,1444,4425.0
魅族+x8,['谷高数码手机专营店'],1274.0,1435,1085.11
荣耀+9x,['掌视界数码旗舰店'],1255.0,1425,2199.0
华为+mate30pro,['京联通达旗舰店'],2368.14,1424,6883.54
apple+iphone11,['泰业优品二手手机旗舰店'],3489.13,1413,6239.04
oppo+k5,['OPPO墨白专卖店'],991.0,1410,2086.5
apple+iphonexr,['拍拍二手自营旗舰店'],2592.11,1396,4193.44
小米+cc9,['掌视界数码旗舰店'],2103.8,1379,1595.27
华为+畅享10plus,['头号卖家旗舰店'],1611.67,1378,1552.33
华为+nova5,['众宇通手机专营店'],2102.17,1378,2099.0
华为+mate20pro,['发动机优品二手手机专营店'],3124.91,1348,3220.01
华为+畅享8,['OKSJ手机旗舰店'],1394.0,1318,678.0
荣耀+20i,['众宇通手机专营店'],1958.5,1315,1274.49
锤子+坚果pro3,['坚果Smartisan官方旗舰店'],1239.0,1313,3132.33
oppo+r17,['闲至优品二手手机旗舰店'],1110.0,1311,1365.0
华为+mate30pro,['聚捷联盛手机旗舰店'],2609.88,1300,6871.92
小米+小米9,['闲至优品二手手机旗舰店'],3604.62,1288,2519.55
荣耀+20i,['聚捷联盛手机旗舰店'],1362.33,1287,1209.56
华为+nova5,['淘金手机专营店'],2436.43,1286,2184.71
小米+cc9,['聚捷联盛手机旗舰店'],2577.42,1279,2018.38
华为+nova5pro,['牧申手机旗舰店'],1798.0,1274,2804.0
华为+畅享9plus,['天塔汇昇旗舰店'],2200.33,1272,1565.67
apple+iphonexsmax,['世讯通二手手机专营店'],1150.0,1263,4925.83
小米+cc9,['华信通手机专营店'],2131.17,1249,1520.62
华为+畅享10plus,['京铠玄手机旗舰店'],1829.0,1246,1665.67
荣耀+20,['京铠玄手机旗舰店'],2485.0,1246,1626.44
华为+mate20x,['新松联手机旗舰店'],1223.0,1236,4128.5
荣耀+20pro,['新松联手机旗舰店'],1479.5,1223,2511.84
荣耀+20i,['OKSJ手机旗舰店'],1424.0,1215,1365.67
apple+iphone11,['华信通手机专营店'],1308.67,1200,5808.06
华为+nova5pro,['头号卖家旗舰店'],1228.5,1198,2739.0
vivo+z3,['vivo智美专卖店'],2264.25,1197,1315.86
apple+iphone8,['闪回二手商品专营店'],2412.33,1193,2283.75
荣耀+20,['新松联手机旗舰店'],2169.0,1174,1484.17
apple+iphonex,['聚捷联盛手机旗舰店'],3274.75,1167,7324.0
荣耀+8x,['众盛手机专营店'],2119.5,1166,1176.4
apple+iphone8,['拍拍二手自营旗舰店'],2363.0,1166,2872.33
华为+nova5pro,['新松联手机旗舰店'],1469.0,1164,2695.0
apple+iphone8plus,['经典二手商品专营店'],2903.17,1157,3180.54
小米+cc9,['茄子手机旗舰店'],2494.11,1155,1929.27
荣耀+10,['淘金手机专营店'],1896.6,1151,1256.2
华为+mate30pro,['久汇通官方旗舰店'],3332.3,1146,6811.67
apple+iphone11,['头号卖家旗舰店'],2106.33,1144,7944.07
华为+mate20x,['福气多多手机旗舰店'],1462.0,1141,4947.75
apple+iphonex,['海之博优品二手商品专营店'],2936.0,1124,3556.12
apple+iphonex,['闪回二手商品专营店'],1093.0,1113,3449.0
荣耀+v20,['聚捷联盛手机旗舰店'],2021.33,1109,1969.89
荣耀+10,['千瑞达手机旗舰店'],1673.33,1106,1827.2
apple+iphonex,['智达二手手机专营店'],3278.7,1106,3648.08
荣耀+20,['久汇通官方旗舰店'],1099.5,1101,2399.0
小米+mix2s,['泰业优品二手手机旗舰店'],2203.5,1099,1243.5
三星+galaxys10,['三星二手手机旗舰店'],2511.75,1095,4049.0
红米+note8,['京铠玄手机旗舰店'],1852.67,1078,1094.58
华为+nova5,['冰之凯盛手机专营店'],2395.0,1075,1783.38
小米+mix3,['闲至优品二手手机旗舰店'],2970.0,1060,1877.11
联想+z5,['世云手机专营店'],2498.6,1054,941.5
黑鲨+,['炜东电商旗舰店'],1843.67,1051,2943.22
荣耀+20pro,['掌视界数码旗舰店'],1131.5,1050,2730.5
华为+nova5,['牧申手机旗舰店'],2462.0,1047,2109.0
三星+galaxys10+,['三星二手手机旗舰店'],2716.6,1041,4999.0
apple+iphone11,['迪信通官方旗舰店'],1833.33,1040,6099.0
小米+小米9se,['明日数码旗舰店'],1423.0,1031,1809.33
华为+畅享9,['头号卖家旗舰店'],1180.0,1027,949.0
华为+mate20pro,['优品美手机专营店'],2199.0,1027,4665.67
荣耀+9x,['冰之凯盛手机专营店'],1936.75,1017,1549.0
apple+iphone11promax,['牧申手机旗舰店'],2629.67,1011,11449.67
红米+note8,['掌视界数码旗舰店'],2087.17,1011,1222.33
oppo+a9,['OPPO手机乐良专卖店'],1275.5,1008,1449.0
apple+iphone7,['翱行二手商品专营店'],2547.33,1003,1617.37
华为+p30,['闲至优品二手手机旗舰店'],2858.33,997,3362.13
华为+畅享9,['众宇通手机专营店'],1157.5,984,974.0
华为+畅享10plus,['京联通达旗舰店'],1582.33,981,1664.0
apple+iphone11,['优品美手机专营店'],3012.45,980,7841.91
荣耀+20i,['东呵东手机专营店'],1992.0,979,1424.0
荣耀+9x,['茄子手机旗舰店'],1982.75,979,1430.25
apple+iphonexr,['淘金手机专营店'],1898.0,974,5839.67
小米+cc9,['谷高数码手机专营店'],1882.67,974,2738.0
诺基亚+x7,['聚捷联盛手机旗舰店'],2795.67,974,1799.0
apple+iphone7,['聚捷联盛手机旗舰店'],2281.17,971,3296.5
华为+nova4,['伟德手机专营店'],1209.0,970,1152.0
一加+7,['牧申手机旗舰店'],1906.5,969,4424.0
小米+小米9,['掌视界数码旗舰店'],2726.57,966,3390.29
红米+note8,['优爱特手机专营店'],1596.33,965,1361.33
小米+mix2s,['发动机优品二手手机专营店'],2291.5,964,1232.83
黑鲨+,['华信通手机专营店'],1796.0,961,3853.96
华为+nova5,['福气多多手机旗舰店'],2267.25,959,1957.33
荣耀+v20,['掌视界数码旗舰店'],1796.0,958,2149.0
oppo+renoz,['OPPO手机乐良专卖店'],1362.0,956,2249.0
红米+7a,['新松联手机旗舰店'],1199.5,951,585.5
魅族+16x,['新松联手机旗舰店'],1202.0,945,1277.66
荣耀+v20,['优爱特手机专营店'],1926.0,938,2186.87
oppo+a9,['OPPO酷炫手机专卖店'],1261.0,935,1449.0
华为+畅享9plus,['头号卖家旗舰店'],1193.0,917,1195.12
apple+iphonex,['诚嘉优品二手手机专营店'],2570.67,915,3609.61
华为+畅享9plus,['众宇通手机专营店'],1206.5,908,1229.0
华为+畅享10plus,['聚捷联盛手机旗舰店'],1643.33,906,1649.0
华为+畅享9plus,['华信通手机专营店'],1344.0,897,1193.0
华为+p30,['京铠玄手机旗舰店'],2670.71,894,4416.41
apple+iphonex,['马顺二手商品专营店'],3046.56,893,4592.83
华为+nova4,['众宇通手机专营店'],1353.5,891,1214.0
华为+畅享10plus,['佳沪手机旗舰店'],1925.33,891,1665.67
apple+iphone8,['可多优品二手手机专营店'],2357.33,883,2376.79
华为+nova5pro,['茄子手机旗舰店'],1753.0,881,2699.0
联想+z5pro,['世云手机专营店'],2572.43,881,1763.14
红米+k20pro,['淘金手机专营店'],2567.75,863,2501.57
apple+iphonex,['沪上优品二手商品专营店'],2882.78,860,4575.94
小米+小米8,['明日数码旗舰店'],1820.33,855,1209.22
荣耀+8x,['伟德手机专营店'],1724.67,853,1107.53
apple+iphonexsmax,['鸿兴优品二手手机专营店'],3034.67,847,5740.5
小米+小米9,['中国移动手机官方旗舰店'],1246.0,843,4048.75
华为+mate30,['天翼电信旗舰店'],1716.25,842,4699.0
华为+nova5pro,['普华手机专营店'],2532.67,841,2711.67
荣耀+v30,['久汇通官方旗舰店'],3382.38,828,3836.5
红米+8a,['伟德手机专营店'],2155.0,819,664.66
华为+mate30,['京铠玄手机旗舰店'],1625.5,815,5249.0
oppo+r17,['天天优品二手商品专营店'],1304.0,813,1453.25
oppo+a5,['头号卖家旗舰店'],1331.5,813,942.75
荣耀+magic2,['优爱特手机专营店'],2270.67,809,2665.67
小米+max3,['淘金手机专营店'],1290.0,790,1266.83
apple+iphone11,['千瑞达手机旗舰店'],2117.0,774,6036.58
apple+iphonex,['爱悠品二手商品专营店'],3464.83,772,3493.83
华为+mate20x,['茄子手机旗舰店'],2684.0,772,5099.0
apple+iphonexs,['新松联手机旗舰店'],1898.0,763,5873.0
荣耀+20pro,['聚捷联盛手机旗舰店'],1895.0,762,2980.67
华为+mate30pro,['疆界互联旗舰店'],2881.8,751,7259.04
apple+iphone11,['宏图手机专营店'],2429.0,745,6033.79
华为+nova5pro,['易橙手机专营店'],1548.5,735,2699.0
华为+nova5,['君问手机旗舰店'],1312.5,735,1599.0
华为+畅享9plus,['福气多多手机旗舰店'],1326.5,734,1199.0
华为+p30,['泰业优品二手手机旗舰店'],2996.17,732,3946.83
荣耀+magic2,['炜东电商旗舰店'],1746.0,726,2074.0
华为+畅享10plus,['福气多多手机旗舰店'],1729.0,724,1665.67
华为+畅享9plus,['伟德手机专营店'],1912.33,722,1104.0
apple+iphone8,['鸿兴优品二手手机专营店'],3098.38,722,2686.47
三星+galaxys10,['中国移动手机官方旗舰店'],1712.5,713,3809.0
小米+max3,['疆界互联旗舰店'],1737.0,708,1199.67
vivo+z5,['vivo智美专卖店'],1900.75,708,1711.44
荣耀+20,['京联通达旗舰店'],1750.0,707,2649.0
华为+nova6,['新松联手机旗舰店'],2863.67,707,3732.33
apple+iphonex,['天天优品二手商品专营店'],1343.0,705,3463.25
荣耀+v20,['闲至优品二手手机旗舰店'],1376.5,694,1539.0
红米+k20,['茄子手机旗舰店'],1634.0,687,1745.0
vivo+u1,['vivo兰珊专卖店'],2062.0,685,799.0
小米+小米9,['茄子手机旗舰店'],2318.0,682,2570.56
华为+mate20x,['聚捷联盛手机旗舰店'],2000.0,682,4899.0
apple+iphonexr,['冰之凯盛手机专营店'],3120.25,679,5596.92
红米+7a,['聚捷联盛手机旗舰店'],1719.33,676,512.33
apple+iphonexr,['鸿兴优品二手手机专营店'],3216.83,675,4092.69
apple+iphonexsmax,['炜东电商旗舰店'],1367.5,670,6443.5
荣耀+20i,['明日数码旗舰店'],2240.5,665,1374.0
三星+galaxys10+,['中国移动手机官方旗舰店'],1598.5,664,4969.0
apple+iphonexs,['世讯通二手手机专营店'],1547.0,660,4290.66
华为+nova4,['优爱特手机专营店'],1393.0,657,1238.5
荣耀+20,['炜东电商旗舰店'],2549.33,652,1782.33
apple+iphone8plus,['丰泽优品二手商品专营店'],1675.5,652,3285.75
红米+k20,['淘金手机专营店'],1864.67,645,1949.89
华为+nova6,['宏图手机专营店'],2187.0,644,3731.5
华为+畅享10plus,['同达丰手机旗舰店'],1572.0,639,1549.0
华为+畅享10plus,['牧申手机旗舰店'],2185.67,638,1639.89
apple+iphone7,['乐亨优品二手商品专营店'],2141.0,634,1578.0
华为+畅享10plus,['易销科技手机专营店'],1725.67,631,1665.67
荣耀+20,['牧申手机旗舰店'],2485.5,630,1524.0
apple+iphonex,['拍拍二手自营旗舰店'],2327.17,628,4544.0
努比亚+红魔3,['聚捷联盛手机旗舰店'],2909.88,626,3599.0
华为+p30,['同达丰手机旗舰店'],2232.5,622,3658.5
vivo+z5,['vivo兰珊专卖店'],2007.25,620,1685.5
华为+nova4,['华信通手机专营店'],2026.5,619,1195.17
apple+iphonex,['经典二手商品专营店'],3021.67,618,3704.33
小米+mix3,['谷高数码手机专营店'],2199.33,612,2251.33
apple+iphonexr,['同城帮二手商品专营店'],3069.67,610,3883.33
小米+小米9,['头号卖家旗舰店'],2543.14,610,2499.43
魅族+x8,['新松联手机旗舰店'],1467.5,610,933.34
华为+nova5,['OKSJ手机旗舰店'],2160.2,609,2059.0
荣耀+20i,['牧申手机旗舰店'],2089.33,608,1365.67
黑鲨+,['佳沪手机旗舰店'],2233.33,605,3724.0
华为+nova5,['掌视界数码旗舰店'],1778.33,605,2099.0
apple+iphone11,['鸿兴优品二手手机专营店'],3711.67,600,5990.8
oppo+k3,['OPPO官方直营旗舰店'],1846.0,600,1899.0
华为+nova5,['易销科技手机专营店'],2730.8,596,2019.0
apple+iphone7,['沪上优品二手商品专营店'],2656.2,594,1624.92
华为+nova5,['新松联手机旗舰店'],1707.5,593,1599.0
华为+畅享9,['冰之凯盛手机专营店'],1964.33,592,872.5
apple+iphone8,['南起二手手机专营店'],1872.0,592,2799.0
黑鲨+,['愉快二手手机专营店'],2977.86,589,1938.9
华为+p30,['优品美手机专营店'],2444.0,589,4421.33
红米+k20,['谷高数码手机专营店'],2028.33,577,1651.33
vivo+x27pro,['闲至优品二手手机旗舰店'],2892.67,576,2007.24
apple+iphone11promax,['冰之凯盛手机专营店'],3895.67,576,11774.3
华为+mate20pro,['众宇通手机专营店'],2559.5,572,4400.5
apple+iphone11,['银河信业手机专营店'],2657.67,571,8115.67
oppo+reno,['OPPO官方直营旗舰店'],3102.62,569,3812.54
华为+p30,['零度二手商品专营店'],2742.86,568,3497.37
apple+iphonexs,['弘朝二手商品专营店'],3667.6,568,5347.1
apple+iphone8plus,['万城优品二手手机专营店'],3090.0,564,3188.25
荣耀+v30,['疆界互联旗舰店'],2046.75,554,3774.78
小米+cc9,['淘金手机专营店'],2777.29,551,1503.19
努比亚+红魔3,['佳沪手机旗舰店'],2492.0,550,3157.34
apple+iphonexr,['牧申手机旗舰店'],2385.67,548,5078.78
apple+iphone11,['京合旗舰店'],2916.5,548,8132.33
apple+iphonexr,['京铠玄手机旗舰店'],2387.25,548,6074.0
华为+nova6,['京铠玄手机旗舰店'],2590.67,547,3732.33
华为+mate20pro,['牧申手机旗舰店'],1560.5,547,4299.0
oppo+a5,['悦粤二手商品专营店'],1966.0,546,598.33
红米+8a,['疆界互联旗舰店'],2768.5,543,690.0
华为+mate30,['头号卖家旗舰店'],2522.0,542,4882.61
华为+p30,['中国移动手机官方旗舰店'],3010.43,534,3399.05
荣耀+v20,['伟德手机专营店'],1983.67,534,1921.56
apple+iphone8,['XINKE海外专营店'],1948.5,532,3380.5
红米+7,['聚捷联盛手机旗舰店'],2739.67,527,792.67
红米+k20,['聚捷联盛手机旗舰店'],1918.67,526,1921.22
华为+mate20pro,['头号卖家旗舰店'],1563.5,525,4299.0
华为+nova5pro,['冰之凯盛手机专营店'],1855.5,525,2490.4
apple+iphone8plus,['炜东电商旗舰店'],2216.0,522,4915.0
oppo+reno,['牧申手机旗舰店'],2742.5,519,3043.44
apple+iphone8plus,['拍拍二手自营旗舰店'],2512.75,515,3661.5
荣耀+10,['谷高数码手机专营店'],2674.67,504,1131.0
红米+note8,['华信通手机专营店'],2137.33,504,1361.33
荣耀+8x,['时器数码旗舰店'],2560.0,500,1159.0
华为+nova5,['京联通达旗舰店'],2722.0,499,1765.66
oppo+reno,['丰泽优品二手商品专营店'],1883.33,495,1904.39
apple+iphonex,['星际二手商品专营店'],3116.17,493,3636.42
华为+nova4,['优品美手机专营店'],2490.4,492,1530.67
apple+iphonex,['福汇优品二手手机专营店'],2276.0,485,3443.0
apple+iphonexsmax,['智达二手手机专营店'],3080.12,483,5250.83
华为+mate30,['聚捷联盛手机旗舰店'],2790.0,483,15177.0
努比亚+红魔,['淘金手机专营店'],2562.5,475,1865.0
努比亚+红魔3,['疆界互联旗舰店'],1668.0,471,3559.6
apple+iphone7,['诚嘉优品二手手机专营店'],2996.67,466,2063.72
华为+mate20pro,['中国移动手机官方旗舰店'],1632.5,465,4299.0
荣耀+20,['茄子手机旗舰店'],2393.0,464,2292.33
华为+nova5pro,['淘金手机专营店'],3073.0,459,2779.0
vivo+x27pro,['丰泽优品二手商品专营店'],1754.0,459,2838.67
apple+iphone8,['马上优品二手商品旗舰店'],1818.0,457,2592.56
华为+nova5pro,['文海二手商品专营店'],2705.75,455,2099.09
小米+max3,['华信通手机专营店'],1687.0,443,1112.34
华为+nova5,['咪咕旗舰店'],1642.5,442,1599.0
apple+iphone8,['炜东电商旗舰店'],2068.67,440,3894.67
apple+iphone7,['信谊二手商品专营店'],1907.5,439,1687.0
apple+iphone11,['上海盛南连锁通信专营店'],3098.33,436,7441.17
一加+6t,['愉快二手手机专营店'],2834.0,431,2216.5
小米+小米9,['明日数码旗舰店'],2560.0,430,3996.75
一加+7pro,['愉快二手手机专营店'],2173.33,428,3085.67
华为+mate30,['千瑞达手机旗舰店'],2435.75,425,4749.0
荣耀+10,['茄子手机旗舰店'],1994.5,425,1526.0
apple+iphonexs,['拍拍二手自营旗舰店'],3007.0,419,4912.33
荣耀+v30,['OKSJ手机旗舰店'],2201.25,417,3774.0
华为+畅享9plus,['优爱特手机专营店'],1877.5,416,1153.0
apple+iphone7,['疆界互联旗舰店'],2724.5,409,3846.75
apple+iphonexsmax,['南起二手手机专营店'],2404.33,409,5532.33
华为+p30,['牧申手机旗舰店'],3085.4,409,3674.2
红米+8a,['茄子手机旗舰店'],2435.5,404,683.5
华为+mate20,['君问手机旗舰店'],1748.0,403,2607.38
华为+p30,['疆界互联旗舰店'],2267.0,398,5649.91
华为+mate20x,['众宇通手机专营店'],2559.5,392,5040.67
华为+mate30pro,['京铠玄手机旗舰店'],1854.5,388,6049.0
vivo+z3,['悦粤二手商品专营店'],2503.0,383,882.94
华为+p30,['严集手机旗舰店'],2983.29,382,4273.71
小米+小米9,['同达丰手机旗舰店'],2762.0,382,4048.75
华为+mate30pro,['头号卖家旗舰店'],2766.6,380,6659.0
apple+iphone8plus,['君问手机旗舰店'],1919.0,380,4434.0
华为+p30,['乐服手机旗舰店'],3125.0,378,4666.08
oppo+k5,['OPPO酷炫手机专卖店'],2125.67,375,2113.49
apple+iphonexsmax,['发动机优品二手手机专营店'],3175.83,375,5254.86
华为+mate20pro,['零度二手商品专营店'],2247.33,375,2956.9
红米+k20,['同达丰手机旗舰店'],1756.0,373,1696.0
华为+nova5pro,['沃晟手机专营店'],1940.5,366,2719.0
华为+nova6,['炜东电商旗舰店'],2180.33,362,3732.33
apple+iphone11,['豫穆手机专营店'],3067.6,361,6015.67
apple+iphonex,['南起二手手机专营店'],1847.0,359,4086.0
apple+iphonexr,['银河信业手机专营店'],3076.33,359,4965.67
小米+小米8,['同城帮二手商品专营店'],2664.75,358,1416.96
oppo+reno,['OPPO盈毅手机专卖店'],1793.5,355,3300.16
apple+iphone11,['零度二手商品专营店'],2894.0,347,5422.54
apple+iphone8,['君问手机旗舰店'],2036.5,347,3465.67
荣耀+v20,['淘金手机专营店'],2495.67,345,2466.67
红米+7a,['京铠玄手机旗舰店'],2226.0,341,527.67
华为+mate20,['零度二手商品专营店'],1900.0,338,1889.0
apple+iphone7,['冰之凯盛手机专营店'],2657.2,335,3548.8
vivo+u1,['vivo智美专卖店'],3133.67,332,865.67
努比亚+红魔3,['茄子手机旗舰店'],2947.5,331,2951.38
荣耀+8x,['鑫都二手手机专营店'],2483.25,331,877.9
华为+nova5pro,['谷高数码手机专营店'],2163.5,330,2699.0
华为+nova5pro,['众宇通手机专营店'],2644.5,330,2749.0
红米+8a,['优爱特手机专营店'],2547.0,327,673.0
华为+mate20x,['牧申手机旗舰店'],2437.5,325,3949.0
华为+mate30pro,['优品美手机专营店'],3257.5,324,6871.22
小米+mix2s,['创信誉二手商品专营店'],2314.0,322,1272.44
apple+iphone8,['冰之凯盛手机专营店'],3252.89,319,3985.93
荣耀+20pro,['文海二手商品专营店'],2910.75,317,2106.12
apple+iphonexr,['千瑞达手机旗舰店'],2376.33,316,5044.33
荣耀+10,['鑫都二手手机专营店'],2603.33,314,1169.6
华为+mate20x,['发动机优品二手手机专营店'],3394.38,314,2987.16
华为+nova4,['千瑞达手机旗舰店'],2117.0,310,1303.34
华为+mate20x,['零度二手商品专营店'],2017.5,305,3841.25
apple+iphone11promax,['聚捷联盛手机旗舰店'],3519.42,303,11950.81
华为+畅享10plus,['茄子手机旗舰店'],2578.0,301,1665.67
荣耀+20pro,['炜东电商旗舰店'],1970.0,299,2849.0
oppo+findx,['毕城优品二手商品专营店'],2711.5,299,2591.5
小米+cc9,['同达丰手机旗舰店'],2523.0,298,1128.33
小米+小米8,['毕城优品二手商品专营店'],2561.0,298,1667.8
锤子+坚果pro3,['疆界互联旗舰店'],2268.33,297,3187.89
华为+mate30,['众宇通手机专营店'],2756.67,296,4889.9
小米+cc9,['京铠玄手机旗舰店'],2763.5,295,2749.0
apple+iphonexr,['优锋派二手商品专营店'],3201.71,294,3954.57
oppo+renoz,['闲至优品二手手机旗舰店'],2655.0,293,2166.98
小米+cc9,['伟德手机专营店'],2961.5,291,1070.75
apple+iphonex,['闪搜二手手机专营店'],3203.0,289,3746.0
努比亚+红魔,['辰帆优品二手手机专营店'],2955.6,287,1393.0
荣耀+20,['聚捷联盛手机旗舰店'],2172.0,285,1651.5
华为+mate20,['发动机优品二手手机专营店'],3176.75,285,2122.75
荣耀+magic2,['发动机优品二手手机专营店'],2460.33,282,1644.33
华为+mate30,['疆界互联旗舰店'],2015.5,280,5250.76
努比亚+x,['茄子手机旗舰店'],2661.67,278,2320.11
华为+畅享9,['新松联手机旗舰店'],2586.0,276,758.0
华为+mate20pro,['马上优品二手商品旗舰店'],2500.33,275,3077.27
三星+galaxys10,['文海二手商品专营店'],3246.0,274,3712.88
华为+nova4,['则合手机专营店'],2193.5,274,1196.34
apple+iphone11,['冰之凯盛手机专营店'],3536.2,274,9998.0
小米+小米9,['炜东电商旗舰店'],3288.67,274,3912.42
apple+iphone7,['南起二手手机专营店'],1987.5,274,1632.0
apple+iphone8plus,['诚嘉优品二手手机专营店'],2655.5,273,2992.62
荣耀+v30,['明日数码旗舰店'],2656.25,272,3778.64
华为+nova6,['掌视界数码旗舰店'],2500.0,269,3732.33
红米+note8,['谷高数码手机专营店'],2646.75,268,1427.17
apple+iphone11promax,['京联通达旗舰店'],2483.0,268,10732.33
华为+mate30,['茄子手机旗舰店'],2843.0,267,4249.62
华为+mate30,['中益德诚手机专营店'],2429.0,266,5176.22
华为+mate30,['优品美手机专营店'],2108.5,264,4149.0
一加+7pro,['疆界互联旗舰店'],3517.11,263,4133.82
华为+mate30,['君问手机旗舰店'],2979.33,263,5015.11
小米+cc9,['牧申手机旗舰店'],3560.33,262,2817.56
红米+k20pro,['闲至优品二手手机旗舰店'],2599.5,262,1949.75
oppo+r17,['马上优品二手商品旗舰店'],2028.5,258,1493.75
小米+mix2s,['冰之凯盛手机专营店'],3045.5,255,1899.0
红米+7,['闪回二手商品专营店'],2886.5,255,743.5
vivo+x27,['真不同二手商品专营店'],2204.5,254,1868.7
华为+mate30,['京联通达旗舰店'],2078.5,253,5249.0
apple+iphone11,['君问手机旗舰店'],3409.25,246,6759.83
小米+小米8,['伟德手机专营店'],2068.0,243,1983.17
华为+畅享10plus,['华信通手机专营店'],2564.67,243,1665.67
荣耀+magic2,['谷高数码手机专营店'],2090.0,241,1776.67
apple+iphone8,['瓜子二手商品专营店'],2211.0,240,2305.66
华为+mate30pro,['中国移动手机官方旗舰店'],2945.0,238,6733.67
apple+iphonexr,['闪回二手商品专营店'],2601.33,237,3758.33
apple+iphonexs,['鸿兴优品二手手机专营店'],3212.83,237,4793.17
apple+iphonexs,['南起二手手机专营店'],2209.0,236,4737.34
红米+8a,['华信通手机专营店'],2627.0,236,686.16
一加+7pro,['发动机优品二手手机专营店'],2495.33,235,3693.78
vivo+iqoo,['闲至优品二手手机旗舰店'],3254.33,233,1911.17
华为+mate20,['鑫都二手手机专营店'],2097.5,231,1879.6
apple+iphonexsmax,['万城优品二手手机专营店'],3640.33,231,5958.44
荣耀+9i,['闲至优品二手手机旗舰店'],2203.0,230,822.75
红米+8a,['同达丰手机旗舰店'],2488.5,227,664.5
apple+iphone8,['疆界互联旗舰店'],2993.75,227,3751.25
apple+iphone11promax,['头号卖家旗舰店'],2497.33,226,10724.0
apple+iphone8plus,['福汇优品二手手机专营店'],2278.0,221,2865.5
华为+畅享10plus,['众宇通手机专营店'],2511.33,220,1665.67
荣耀+8x,['千瑞达手机旗舰店'],2548.0,218,1147.87
华为+nova5pro,['小Q优品二手手机专营店'],2912.75,217,2146.71
锤子+坚果pro3,['牧申手机旗舰店'],2647.67,216,3044.56
华为+nova4,['鑫都二手手机专营店'],2880.0,212,1174.1
apple+iphonexr,['掌视界数码旗舰店'],3025.0,211,6424.22
apple+iphone8plus,['南起二手手机专营店'],3315.25,211,3335.5
apple+iphone11promax,['上海盛南连锁通信专营店'],2682.67,210,9265.67
荣耀+8x,['银河信业手机专营店'],2265.5,209,1114.0
vivo+x27,['vivo兰珊专卖店'],2416.5,205,2623.0
apple+iphone8,['诚嘉优品二手手机专营店'],2785.5,205,2444.83
apple+iphonexsmax,['海之博优品二手商品专营店'],3671.67,204,5293.17
华为+nova5,['聚捷联盛手机旗舰店'],3011.5,204,2249.0
荣耀+10,['OKSJ手机旗舰店'],2522.0,203,1738.17
华为+nova6,['冰之凯盛手机专营店'],3767.67,203,3732.75
apple+iphone8plus,['乐亨优品二手商品专营店'],2906.0,203,3056.31
荣耀+20i,['同达丰手机旗舰店'],2775.33,201,1236.0
华为+p30,['马上优品二手商品旗舰店'],3137.67,201,3094.6
华为+nova6,['佳沪手机旗舰店'],2559.5,198,4049.0
小米+小米9,['发动机优品二手手机专营店'],3205.5,198,2165.25
华为+mate20,['天塔汇昇旗舰店'],2239.5,197,2949.0
一加+6t,['毕城优品二手商品专营店'],2486.5,197,1553.7
apple+iphone11,['天翼电信旗舰店'],2995.0,197,10065.67
魅族+16,['新松联手机旗舰店'],2238.0,194,2919.0
荣耀+8x,['毕城优品二手商品专营店'],2790.5,191,829.12
小米+cc9,['明日数码旗舰店'],2703.67,190,1860.25
oppo+reno,['悦粤二手商品专营店'],2987.5,189,1606.25
华为+畅享9,['普华手机专营店'],2579.5,189,987.75
vivo+iqoo,['愉快二手手机专营店'],3233.4,188,2195.56
荣耀+magic2,['淘金手机专营店'],2509.0,187,2460.16
华为+mate20x,['银河信业手机专营店'],2451.5,187,3599.0
红米+8a,['新松联手机旗舰店'],2648.5,186,702.33
华为+mate20pro,['鑫都二手手机专营店'],2653.67,185,2933.33
华为+p30,['文海二手商品专营店'],3131.0,184,3829.95
apple+iphonexsmax,['同城帮二手商品专营店'],3482.33,183,5578.11
红米+7a,['牧申手机旗舰店'],2651.0,183,516.0
红米+k20pro,['谷高数码手机专营店'],3081.0,180,2724.47
荣耀+9x,['京联通达旗舰店'],2686.0,179,2249.0
荣耀+20pro,['京联通达旗舰店'],2411.5,178,2965.66
三星+galaxys10,['智达二手手机专营店'],3907.25,178,3984.81
小米+小米9se,['华信通手机专营店'],2677.33,177,2699.0
华为+畅享10plus,['京合旗舰店'],2611.33,175,1682.33
华为+nova5pro,['天翼电信旗舰店'],2464.5,175,2599.0
三星+galaxys10+,['文海二手商品专营店'],3536.5,175,4921.47
一加+6t,['优锋派二手商品专营店'],2863.0,171,1929.0
红米+note8,['迪信通官方旗舰店'],3347.33,170,1432.33
apple+iphonex,['攀研商品二手专营店'],3480.33,170,4259.33
华为+畅享9plus,['鑫都二手手机专营店'],2696.67,170,898.33
小米+小米9,['冰之凯盛手机专营店'],3733.5,170,4586.5
apple+iphonexr,['南起二手手机专营店'],3072.33,166,4186.33
华为+p30,['普华手机专营店'],3356.67,165,4420.54
三星+galaxynote10,['疆界互联旗舰店'],3098.33,165,7399.0
华为+畅享10plus,['伟德手机专营店'],3013.67,164,1508.33
红米+note8,['宏图手机专营店'],3127.75,164,1440.75
华为+畅享9,['优爱特手机专营店'],2569.0,164,940.62
红米+8a,['牧申手机旗舰店'],2794.0,163,705.66
apple+iphonexs,['诚嘉优品二手手机专营店'],2926.67,163,4898.83
华为+nova5pro,['泰业优品二手手机旗舰店'],2379.5,161,2131.12
小米+小米8,['鑫都二手手机专营店'],3021.0,159,1423.62
华为+mate20,['头号卖家旗舰店'],2391.0,159,2949.0
荣耀+8x,['真不同二手商品专营店'],2979.25,158,873.9
华为+mate20,['银河信业手机专营店'],2401.0,156,2498.0
华为+mate20pro,['泰业优品二手手机旗舰店'],3356.67,155,3116.31
apple+iphone11promax,['银河信业手机专营店'],2899.67,154,11032.0
oppo+findx,['悦粤二手商品专营店'],3048.75,153,5286.62
小米+小米9se,['闲至优品二手手机旗舰店'],3201.75,151,1511.25
华为+nova6,['京联通达旗舰店'],3001.0,151,3749.0
apple+iphonex,['焕新二手商品专营店'],3881.67,150,3590.5
锤子+坚果pro2s,['扬帆二手商品专营店'],2438.5,149,1082.0
华为+mate30,['中国移动手机官方旗舰店'],3091.75,148,4276.5
华为+mate20pro,['沪上优品二手商品专营店'],3507.2,148,2683.55
apple+iphonex,['毕城优品二手商品专营店'],2437.0,148,3543.25
荣耀+20,['易橙手机专营店'],2441.0,147,2424.0
apple+iphonexsmax,['拍拍二手自营旗舰店'],3523.0,147,5654.0
华为+mate20,['泰业优品二手手机旗舰店'],3152.0,146,2027.0
华为+mate30pro,['天翼电信旗舰店'],3211.4,145,6656.0
华为+mate20pro,['天塔汇昇旗舰店'],2879.33,144,4665.67
apple+iphone11,['马上优品二手商品旗舰店'],3433.67,143,7183.99
apple+iphone11,['顺电手机旗舰店'],3285.67,142,7989.28
华为+nova5,['众盛手机专营店'],2526.0,139,1522.66
华为+mate30,['迪信通官方旗舰店'],3569.17,139,4892.33
apple+iphone11,['掌视界数码旗舰店'],3461.67,138,7817.56
荣耀+v20,['鑫都二手手机专营店'],3018.67,138,1683.33
小米+小米9,['新松联手机旗舰店'],2530.5,138,4234.0
华为+mate20x,['淘金手机专营店'],2647.5,137,5368.66
apple+iphonex,['同城帮二手商品专营店'],2633.5,136,3261.5
apple+iphonexr,['华信通手机专营店'],2859.33,136,4953.44
华为+mate20x,['华信通手机专营店'],2521.0,135,4110.75
锤子+坚果r1,['辰帆优品二手手机专营店'],2813.33,135,1435.67
华为+畅享9,['鑫都二手手机专营店'],2750.0,133,719.0
红米+k20pro,['闪回二手商品专营店'],3155.75,133,1718.25
红米+8a,['聚捷联盛手机旗舰店'],3327.5,133,649.0
华为+p30,['银河信业手机专营店'],2955.33,129,3754.67
华为+p30,['天塔汇昇旗舰店'],2870.67,129,5921.33
apple+iphone8,['毕城优品二手商品专营店'],3071.5,128,2674.88
apple+iphonexr,['可多优品二手手机专营店'],3551.4,128,4034.6
oppo+a5,['真不同二手商品专营店'],2848.0,126,596.17
apple+iphone8plus,['同城帮二手商品专营店'],2849.5,126,3158.12
红米+note8,['众盛手机专营店'],3070.33,125,1083.78
apple+iphone11,['京铠玄手机旗舰店'],3514.4,125,6592.33
红米+k20pro,['聚捷联盛手机旗舰店'],3171.33,124,2732.33
apple+iphonexr,['沪上优品二手商品专营店'],2591.0,124,3556.92
荣耀+20i,['欧霖爵手机旗舰店'],3586.67,123,1387.89
华为+p30,['鑫都二手手机专营店'],3572.14,123,3035.68
华为+mate20x,['佳沪手机旗舰店'],2614.0,123,3749.0
一加+7,['愉快二手手机专营店'],3477.25,122,2590.25
小米+小米8,['泰业优品二手手机旗舰店'],3095.67,121,1299.33
apple+iphonexsmax,['瓜子二手商品专营店'],3275.25,121,5049.58
apple+iphonexr,['诚嘉优品二手手机专营店'],3538.5,118,3884.37
努比亚+红魔3,['淘金手机专营店'],3239.0,115,2708.89
华为+mate30,['牧申手机旗舰店'],3617.5,115,7317.31
apple+iphone11,['智达二手手机专营店'],3804.78,115,6972.98
红米+note8,['闪回二手商品专营店'],3536.2,113,1090.2
apple+iphone7,['珊瑚二手商品专营店'],2801.5,112,1772.5
apple+iphonexs,['海之博优品二手商品专营店'],3605.5,109,4480.78
华为+畅享9plus,['银河信业手机专营店'],2695.0,109,1159.0
小米+cc9,['闲至优品二手手机旗舰店'],3343.33,108,1749.67
apple+iphonexr,['黑海数码海外旗舰店'],3690.2,108,5473.11
华为+mate20pro,['淘金手机专营店'],2753.5,107,4299.0
apple+iphonexr,['闲至优品二手手机旗舰店'],3727.0,105,4006.42
apple+iphone8plus,['冰之凯盛手机专营店'],3391.67,104,5195.67
一加+7pro,['泰业优品二手手机旗舰店'],3161.0,104,2730.2
apple+iphonex,['弘朝二手商品专营店'],3707.5,103,3662.5
apple+iphonexs,['可多优品二手手机专营店'],3562.0,100,5318.8
小米+小米9,['优锋派二手商品专营店'],2918.0,99,2086.12
小米+mix3,['同城帮二手商品专营店'],3052.67,99,1721.89
荣耀+v30,['牧申手机旗舰店'],2906.5,99,4050.66
小米+mix3,['发动机优品二手手机专营店'],3135.0,98,1829.11
apple+iphonex,['闲至优品二手手机旗舰店'],3806.56,97,5146.15
荣耀+20pro,['小Q优品二手手机专营店'],2794.5,97,2174.88
apple+iphone11,['易销科技手机专营店'],3073.67,97,5993.44
华为+畅享9,['京合旗舰店'],2878.0,97,1049.0
apple+iphonexs,['易呗海外专营店'],3092.0,96,5199.92
华为+nova4,['文海二手商品专营店'],2756.5,96,1011.84
华为+mate20x,['酷泽数码专营店'],2791.5,96,4424.0
荣耀+10,['冰之凯盛手机专营店'],3029.33,95,1482.4
华为+mate30pro,['明日数码旗舰店'],3808.75,94,8457.33
荣耀+v20,['明日数码旗舰店'],3106.0,94,2079.0
apple+iphone11promax,['众宇通手机专营店'],3030.33,93,10674.0
红米+k20,['众盛手机专营店'],2827.0,91,1792.0
华为+nova6,['疆界互联旗舰店'],3059.0,90,4301.58
apple+iphone7,['聿诺二手商品专营店'],2810.0,89,1262.75
三星+galaxys10,['鑫隆达二手手机专营店'],3618.25,89,3817.75
华为+mate20x,['凯宏手机专营店'],3051.0,89,5032.33
华为+mate30,['新松联手机旗舰店'],2879.5,89,5249.0
华为+nova5,['京合旗舰店'],3043.33,89,2215.67
华为+mate30,['文海二手商品专营店'],3715.25,88,4180.75
apple+iphonexr,['中国移动手机官方旗舰店'],3309.0,87,5859.0
华为+nova5,['银河信业手机专营店'],2828.5,87,2249.0
华为+p30,['闪回二手商品专营店'],3137.67,87,3595.33
华为+mate30,['京合旗舰店'],3565.33,86,4887.89
apple+iphone8plus,['沪上优品二手商品专营店'],3015.5,85,2858.34
荣耀+20i,['头号卖家旗舰店'],3299.67,83,1201.22
华为+nova5pro,['闲至优品二手手机旗舰店'],2851.0,83,2054.0
apple+iphonexsmax,['闪回二手商品专营店'],3368.67,82,5211.33
oppo+a9,['悦粤二手商品专营店'],2941.0,81,922.0
华为+mate20x,['闪回二手商品专营店'],2879.5,79,2349.0
锤子+坚果pro3,['华信通手机专营店'],3450.33,78,2876.78
华为+nova5pro,['天塔汇昇旗舰店'],2872.0,78,2899.0
荣耀+9x,['鑫都二手手机专营店'],3153.33,75,1150.0
apple+iphonex,['优机汇二手手机专营店'],3922.67,74,3597.75
小米+小米9se,['冰之凯盛手机专营店'],3217.67,73,1865.22
华为+nova6,['福气多多手机旗舰店'],3372.67,73,3732.33
apple+iphone11promax,['鸿兴优品二手手机专营店'],4235.0,73,10801.67
华为+mate30,['泰业优品二手手机旗舰店'],3949.83,73,3983.08
vivo+iqoo,['中国移动手机官方旗舰店'],2998.5,71,3650.5
华为+nova6,['信通志远旗舰店'],3176.0,69,4299.0
华为+mate20pro,['福气多多手机旗舰店'],3557.25,68,4299.0
apple+iphone11promax,['泰业优品二手手机旗舰店'],3551.5,66,9274.0
荣耀+20,['天域手机专营店'],3264.0,66,2277.33
oppo+reno,['闲至优品二手手机旗舰店'],3808.0,65,2497.72
apple+iphone11promax,['优品美手机专营店'],3642.4,65,10715.35
vivo+iqoo,['天天优品二手商品专营店'],3861.17,64,1987.17
三星+galaxys10,['佳沪手机旗舰店'],3290.0,63,5328.5
荣耀+9x,['天翼电信旗舰店'],3338.5,63,1969.0
华为+mate30,['闲至优品二手手机旗舰店'],3829.5,62,4231.5
一加+7pro,['优锋派二手商品专营店'],3839.0,62,3215.67
华为+mate30pro,['闲至优品二手手机旗舰店'],3864.83,62,6109.11
魅族+16,['愉快二手手机专营店'],3531.33,61,2825.67
华为+nova5pro,['天域手机专营店'],3355.0,59,2699.0
荣耀+20,['小Q优品二手手机专营店'],3050.0,57,1741.75
荣耀+v30,['聚捷联盛手机旗舰店'],3697.0,56,3978.67
华为+mate20pro,['诚嘉优品二手手机专营店'],3587.67,55,2928.67
华为+nova5,['乐天惠通手机旗舰店'],3213.0,55,1899.0
努比亚+红魔3,['愉快二手手机专营店'],3639.0,54,2566.25
三星+galaxys10,['世纪金联手机专营店'],3299.5,54,3666.34
apple+iphone11promax,['发动机优品二手手机专营店'],3916.67,53,9011.7
一加+7pro,['梦马二手商品专营店'],3378.33,51,3214.11
华为+p30,['天天优品二手商品专营店'],3362.0,49,3747.67
apple+iphone11promax,['黑海数码海外旗舰店'],3411.67,48,7345.67
荣耀+20pro,['闲至优品二手手机旗舰店'],3143.0,48,2227.16
oppo+reno,['天天优品二手商品专营店'],3521.67,48,1869.33
apple+iphone8plus,['星际二手商品专营店'],3479.5,48,2861.75
华为+mate30,['天塔汇昇旗舰店'],3230.5,47,4349.0
apple+iphone8,['爱优创杰手机旗舰店'],3436.0,47,4136.5
华为+nova6,['谷高数码手机专营店'],3745.67,45,3732.33
apple+iphone11promax,['顺电手机旗舰店'],3655.33,45,10865.67
华为+mate30pro,['君问手机旗舰店'],3584.33,44,7126.78
荣耀+v30,['众盛手机专营店'],3292.0,44,4049.0
apple+iphone8plus,['爱优创杰手机旗舰店'],3755.75,43,5097.12
华为+p30,['则合手机专营店'],3785.0,42,5087.81
荣耀+v20,['天天优品二手商品专营店'],3479.0,42,1625.0
小米+mix3,['冰之凯盛手机专营店'],3901.83,41,3212.17
华为+nova5pro,['鑫都二手手机专营店'],3381.0,40,1991.2
小米+小米9se,['鑫都二手手机专营店'],3698.0,40,1434.58
apple+iphone7,['莉亚优品二手手机专营店'],3635.0,39,1974.08
华为+mate20pro,['天天优品二手商品专营店'],3654.0,38,3399.07
荣耀+20,['君问手机旗舰店'],3433.5,38,1799.0
华为+nova6,['明日数码旗舰店'],3670.33,37,3733.17
oppo+findx,['天天优品二手商品专营店'],3457.67,37,3278.22
华为+畅享9,['华为平天专卖店'],3414.5,37,974.0
华为+mate30pro,['发动机优品二手手机专营店'],4114.8,36,6096.2
华为+mate30,['发动机优品二手手机专营店'],4048.0,36,4051.38
荣耀+8x,['谷高数码手机专营店'],3747.0,35,1168.93
apple+iphone8,['信谊二手商品专营店'],3336.0,34,2189.34
荣耀+v30,['优爱特手机专营店'],3546.5,34,3499.0
三星+galaxys10+,['世纪金联手机专营店'],3522.0,34,8365.67
vivo+x27,['天天优品二手商品专营店'],3717.0,34,1769.0
荣耀+magic2,['茄子手机旗舰店'],3727.0,34,2340.11
美图+t9,['锐敏二手商品专营店'],3549.67,33,1002.08
小米+mix2s,['愉快二手手机专营店'],3752.0,32,1285.5
小米+小米9,['易销科技手机专营店'],3784.0,31,4099.0
华为+mate20,['世纪金联手机专营店'],3354.5,31,2333.0
荣耀+10,['优锋派二手商品专营店'],3377.5,30,1028.5
apple+iphone11,['天域手机专营店'],3615.0,29,6041.33
华为+mate30pro,['京合旗舰店'],3838.0,29,6731.08
vivo+iqoo,['丰泽优品二手商品专营店'],3439.5,29,1823.0
apple+iphonexsmax,['诚嘉优品二手手机专营店'],3637.0,28,5414.0
华为+nova6,['头号卖家旗舰店'],3903.75,28,4689.5
apple+iphone7,['五星优品二手商品专营店'],3925.67,27,2821.22
apple+iphonex,['海星优品二手手机专营店'],3635.33,26,3649.11
荣耀+20,['闲至优品二手手机旗舰店'],3418.0,26,1836.5
华为+mate30pro,['银河信业手机专营店'],4036.8,24,6659.0
一加+7,['梦马二手商品专营店'],3484.0,24,2591.25
华为+mate30,['欣东手机专营店'],3519.5,24,5287.57
小米+小米9,['京铠玄手机旗舰店'],3800.33,24,4399.0
apple+iphonexr,['易呗海外专营店'],3981.4,24,5372.47
oppo+renoz,['悦粤二手商品专营店'],3516.5,22,1450.0
小米+小米8,['辰帆优品二手手机专营店'],3941.75,20,1300.38
apple+iphone11,['遇见二手商品专营店'],4045.33,20,5799.0
apple+iphone11,['闲至优品二手手机旗舰店'],3897.33,20,5441.22
apple+iphonexr,['丰泽优品二手商品专营店'],3852.0,19,3898.95
apple+iphone11,['南起二手手机专营店'],4035.4,18,5782.6
apple+iphonexr,['毕城优品二手商品专营店'],3605.5,18,3649.7
apple+iphone8plus,['臻云商海外专营店'],3895.33,18,4399.0
华为+畅享10plus,['鑫都二手手机专营店'],3880.0,17,1299.67
华为+mate30pro,['中益德诚手机专营店'],3905.0,17,7121.22
华为+mate20x,['鑫都二手手机专营店'],3629.5,17,2874.75
apple+iphone7,['众盛手机专营店'],3644.5,16,3229.0
apple+iphone11,['黑海数码海外旗舰店'],3843.67,16,7348.5
三星+galaxys10,['诚嘉优品二手手机专营店'],3828.5,16,3566.0
apple+iphone11,['众盛手机专营店'],3756.0,16,5733.5
荣耀+v30,['炜东电商旗舰店'],3840.0,15,3500.66
华为+nova6,['君问手机旗舰店'],3955.0,15,3836.5
apple+iphonexr,['君问手机旗舰店'],3684.0,15,4599.0
apple+iphone11promax,['君问手机旗舰店'],3668.5,15,9551.5
apple+iphonex,['机蛋二手商品专营店'],3698.0,15,3464.5
apple+iphonexr,['马上优品二手商品旗舰店'],3992.0,14,3871.22
三星+galaxys10,['闲至优品二手手机旗舰店'],4116.5,14,4414.0
oppo+r17pro,['丰泽优品二手商品专营店'],3935.5,14,1717.0
apple+iphone11,['诚嘉优品二手手机专营店'],3983.67,13,5571.39
荣耀+20,['鑫都二手手机专营店'],3767.0,12,1730.88
华为+nova6,['聚捷联盛手机旗舰店'],3957.67,12,3765.67
华为+nova6,['优爱特手机专营店'],4110.33,12,3732.33
华为+p30,['诚嘉优品二手手机专营店'],4245.67,12,3818.53
vivo+iqoo,['闪回二手商品专营店'],3966.25,11,2674.0
荣耀+v30,['茄子手机旗舰店'],3878.0,11,4050.66
oppo+a9,['OPPO官方直营旗舰店'],3868.0,11,2049.0
apple+iphone11promax,['京合旗舰店'],3875.33,11,11065.67
华为+nova6,['茄子手机旗舰店'],4178.33,11,3733.17
华为+nova6,['OKSJ手机旗舰店'],3878.0,10,3827.58
黑鲨+,['牧申手机旗舰店'],4014.67,9,7365.67
荣耀+20i,['华为平天专卖店'],4057.25,8,1399.0
华为+nova6,['鹏路网络手机旗舰店'],4292.75,8,3924.0
apple+iphonex,['聿诺二手商品专营店'],4071.0,8,3473.88
三星+galaxys10+,['智达二手手机专营店'],4174.43,8,5620.09
三星+galaxynote10,['智达二手手机专营店'],4145.25,8,6429.0
华为+nova6,['银河信业手机专营店'],4065.0,7,3732.33
华为+mate20pro,['丰泽优品二手商品专营店'],4077.33,7,2886.83
apple+iphone8plus,['天域手机专营店'],3892.5,7,4699.0
华为+mate30,['易讯通通信专营店'],4061.75,6,4699.0
apple+iphone11promax,['掌视界数码旗舰店'],4008.33,5,11171.83
荣耀+9x,['华为平天专卖店'],3978.0,5,2174.0
华为+mate30,['闪回二手商品专营店'],4238.5,2,4349.0
华为+nova6,['沃晟手机专营店'],4372.33,1,3732.33
华为+mate30pro,['诚嘉优品二手手机专营店'],4511.8,1,5921.93
美图+t9,['愉快二手手机专营店'],4180.5,1,1129.0
华为+nova6,['华为平天专卖店'],4181.67,1,3732.33
华为+nova6,['伟德手机专营店'],4262.67,0,3732.33
华为+nova6,['众盛手机专营店'],4602.5,0,3999.0
华为+mate30pro,['天域手机专营店'],4417.5,0,7399.0
apple+iphone11promax,['平田数码专营店'],4369.67,0,10665.67
华为+mate30,['银河信业手机专营店'],4407.5,0,4699.0
apple+iphonexsmax,['爱锋派苹果二手手机旗舰店'],4506.0,0,5517.67
